time_s,ch1_V_avg,ch2_V_avg,ch1_V_sd,ch2_V_sd
-0.001,0.568344715776,8.043721535582605,0.0,0.6391184300796477
-0.00099488,0.568344715776,8.047217275686958,0.0,0.6385254226239476
-0.0009897600000000001,0.568344715776,8.045469405634783,0.0,0.6392092455188729
-0.00098464,0.568344715776,8.045469405634782,0.0,0.6395389405017243
-0.00097952,0.568344715776,8.047217275686956,0.0,0.6335540722133888
-0.0009744,0.5683097583749565,8.050713015791304,0.0001639647447768101,0.6275851495294053
-0.00096928,0.5683097583749565,8.050713015791304,0.0001639647447768101,0.6363687379104452
-0.00096416,0.568344715776,8.048965145739132,0.0,0.6409132274000727
-0.00095904,0.5683097583749565,8.054208755895651,0.0001639647447768101,0.6425508845712116
-0.00095392,0.5684495879791305,8.059452366052174,0.0004918942343303851,0.6371220104513645
-0.0009488000000000001,0.568344715776,8.064695976208696,0.0,0.6336022911989455
-0.00094368,0.568344715776,8.054208755895653,0.0,0.6445162685540339
-0.00093856,0.568344715776,8.059452366052174,0.0,0.6366807104453849
-0.00093344,0.568344715776,8.066443846260869,0.0,0.6403648207240472
-0.0009283200000000001,0.568344715776,8.061200236104348,0.0,0.6412372819933353
-0.0009232,0.568344715776,8.062948106156522,0.0,0.6395246094715608
-0.00091808,0.568344715776,8.068191716313043,0.0,0.6332212611377687
-0.00091296,0.568344715776,8.071687456417392,0.0,0.6437194448866176
-0.00090784,0.568344715776,8.069939586365217,0.0,0.6389893543578266
-0.00090272,0.568344715776,8.07168745641739,0.0,0.6332646811972489
-0.0008976,0.568344715776,8.080426806678261,0.0,0.6401310090508436
-0.00089248,0.568344715776,8.075183196521738,0.0,0.639911434633166
-0.00088736,0.568344715776,8.080426806678261,0.0,0.6340650068870356
-0.0008822400000000001,0.568344715776,8.080426806678261,0.0,0.6368294435214471
-0.00087712,0.568344715776,8.085670416834784,0.0,0.6384392951152023
-0.000872,0.568344715776,8.085670416834782,0.0,0.6370069181846167
-0.00086688,0.568344715776,8.076931066573913,0.0,0.6329606782314547
-0.00086176,0.568344715776,8.082174676730434,0.0,0.633611934555711
-0.00085664,0.568344715776,8.082174676730434,0.0,0.6454777847585815
-0.00085152,0.568344715776,8.082174676730434,0.0,0.6367095002038775
-0.0008464,0.568344715776,8.090914026991305,0.0,0.63868329289137
-0.00084128,0.568274800973913,8.09266189704348,0.00022654985165305113,0.6401835048189507
-0.0008361600000000001,0.5684845453801739,8.08916615693913,0.0008433359796960343,0.6351866545574175
-0.00083104,0.5661773569113043,8.09266189704348,0.010165814176161504,0.6338963475823997
-0.00082592,0.568344715776,8.09266189704348,0.0,0.627770104169123
-0.0008208,0.568344715776,8.09266189704348,0.0,0.6396344724972534
-0.00081568,0.5683097583749566,8.101401247304349,0.00016396474477681003,0.6345177557057663
-0.00081056,0.5683097583749566,8.094409767095653,0.00016396474477681003,0.6391518899006274
-0.00080544,0.569078821197913,8.101401247304349,0.003443259640312763,0.6341854503570867
-0.00080032,0.568344715776,8.096157637147826,0.0,0.6333611595611346
-0.0007952,0.568344715776,8.0979055072,0.0,0.6417944635570746
-0.0007900800000000001,0.568344715776,8.099653377252176,0.0,0.634580344478604
-0.00078496,0.568344715776,8.110140597565218,0.0,0.6454446528717823
-0.00077984,0.568344715776,8.103149117356523,0.0,0.629000126269042
-0.00077472,0.568344715776,8.104896987408695,0.0,0.6338240512845249
-0.0007696000000000001,0.568344715776,8.106644857460868,0.0,0.6362919212112597
-0.00076448,0.568274800973913,8.11188846761739,0.00022654985165305108,0.6381281823299214
-0.00075936,0.5683621944765218,8.118879947826086,0.0003017291527756927,0.6384871451654938
-0.00075424,0.568344715776,8.113636337669567,0.0,0.63161262055461
-0.00074912,0.568344715776,8.108392727513044,0.0,0.6405031588561136
-0.0007440000000000001,0.568344715776,8.118879947826086,0.0,0.6352876499791683
-0.00073888,0.568344715776,8.117132077773913,0.0,0.632849656632708
-0.00073376,0.568344715776,8.122375687930434,0.0,0.6352732230448082
-0.00072864,0.568344715776,8.12412355798261,0.0,0.6387885180607212
-0.0007235200000000001,0.568344715776,8.113636337669567,0.0,0.6272589124496055
-0.0007184,0.568344715776,8.127619298086959,0.0,0.6358788724647162
-0.00071328,0.568344715776,8.122375687930434,0.0,0.6385828345096302
-0.00070816,0.568344715776,8.127619298086957,0.0,0.6407225304910344
-0.00070304,0.5683097583749565,8.125871428034783,0.0001639647447768101,0.6377785978101442
-0.0006979200000000001,0.5683097583749565,8.132862908243478,0.0001639647447768101,0.6410609784872053
-0.0006928,0.5685195027812174,8.13286290824348,0.001004683247223844,0.6383148681973448
-0.00068768,0.5669638984347827,8.13286290824348,0.006476607418683543,0.6380946688287086
-0.00068256,0.568344715776,8.127619298086957,0.0,0.6357683604583603
-0.0006774400000000001,0.5683097583749566,8.13286290824348,0.00016396474477681003,0.6386450248949375
-0.00067232,0.5667891114295651,8.139854388452173,0.007296431142567532,0.6381138196163544
-0.0006672,0.568344715776,8.139854388452175,0.0,0.6382239254936004
-0.00066208,0.568344715776,8.139854388452175,0.0,0.6396535771842397
-0.00065696,0.5683097583749565,8.136358648347825,0.0001639647447768101,0.6308043403763326
-0.00065184,0.5683097583749565,8.136358648347828,0.0001639647447768101,0.6402025931219194
-0.0006467199999999999,0.5684321092786087,8.145097998608696,0.0004099118619419799,0.6331585380173
-0.0006416,0.568344715776,8.145097998608696,0.0,0.6375821717611714
-0.00063648,0.568344715776,8.145097998608696,0.0,0.641756381080083
-0.0006313600000000001,0.568344715776,8.145097998608696,0.0,0.6387933006111216
-0.00062624,0.568344715776,8.153837348869565,0.0,0.6430784246893438
-0.00062112,0.569410916507826,8.14160225850435,0.005000924715692347,0.6316319678749771
-0.000616,0.5683097583749566,8.14684586866087,0.00016396474477681003,0.6364023423006889
-0.0006108800000000001,0.5668765049321739,8.152089478817391,0.006886519280625542,0.6385684820221226
-0.00060576,0.568344715776,8.15558521892174,0.0,0.6379318639217731
-0.0006006399999999999,0.568344715776,8.159080959026088,0.0,0.6426554764809018
-0.00059552,0.568344715776,8.157333088973914,0.0,0.6373856851786918
-0.0005904,0.568344715776,8.157333088973914,0.0,0.6403552790616036
-0.0005852800000000001,0.568344715776,8.160828829078262,0.0,0.6327337872388435
-0.00058016,0.5683097583749566,8.166072439234782,0.00016396474477681003,0.6392092455188729
-0.00057504,0.5683097583749566,8.16082882907826,0.00016396474477681003,0.6363879406364387
-0.00056992,0.568344715776,8.16432456918261,0.0,0.6338192312381262
-0.0005648000000000001,0.568344715776,8.166072439234782,0.0,0.631244908800483
-0.00055968,0.568344715776,8.16432456918261,0.0,0.638238285729379
-0.00055456,0.568344715776,8.16432456918261,0.0,0.6373569259638423
-0.00054944,0.568344715776,8.16432456918261,0.0,0.6430641725384896
-0.00054432,0.568344715776,8.16956817933913,0.0,0.6444119786620721
-0.0005392,0.568344715776,8.17306391944348,0.0,0.6352251308971901
-0.00053408,0.568344715776,8.178307529600001,0.0,0.6344166377213576
-0.00052896,0.568344715776,8.171316049391304,0.0,0.6401119186132195
-0.00052384,0.5683097583749566,8.16956817933913,0.00016396474477681,0.6392665959911166
-0.0005187200000000001,0.5674533020493913,8.181803269704348,0.0041811009918083656,0.6475616761894241
-0.0005136,0.568344715776,8.176559659547827,0.0,0.645231621548448
-0.00050848,0.5683971518775652,8.176559659547825,0.00044835507304929497,0.6302471375596909
-0.00050336,0.568274800973913,8.188794749913043,0.0002265498516530511,0.6333322175951523
-0.0004982400000000001,0.5691662147005218,8.183551139756522,0.0038531715022547632,0.6420467029140149
-0.00049312,0.5683097583749565,8.190542619965218,0.0001639647447768101,0.6334672687900089
-0.00048800000000000004,0.5683097583749565,8.185299009808693,0.0001639647447768101,0.6391232101613212
-0.00048288,0.568344715776,8.188794749913043,0.0,0.6365415415898018
-0.00047776000000000003,0.568344715776,8.185299009808697,0.0,0.6425223565500383
-0.00047264,0.568344715776,8.188794749913043,0.0,0.6424748070331077
-0.00046752,0.568344715776,8.188794749913043,0.0,0.6368726175859527
-0.00046239999999999996,0.568344715776,8.194038360069564,0.0,0.6374815398578078
-0.00045728,0.5683097583749566,8.190542619965218,0.00016396474477681005,0.6324681731474627
-0.00045216000000000006,0.5683097583749566,8.199281970226087,0.00016396474477681005,0.6344021909793159
-0.00044704,0.5697430118177391,8.197534100173913,0.006558589791071929,0.6355088219609767
-0.00044192000000000005,0.568344715776,8.195786230121739,0.0,0.637380892066331
-0.0004368,0.568344715776,8.201029840278261,0.0,0.6391423301305168
-0.00043168000000000004,0.5683097583749565,8.208021320486957,0.0001639647447768101,0.641051447186648
-0.00042656,0.5697779692187825,8.202777710330436,0.006722554535848737,0.6351626056614565
-0.00042144000000000003,0.568344715776,8.202777710330436,0.0,0.6351626056614564
-0.00041631999999999997,0.568344715776,8.206273450434782,0.0,0.6411848725011965
-0.0004112,0.568344715776,8.208021320486957,0.0,0.6369829380115846
-0.00040607999999999996,0.568344715776,8.152089478817391,0.0,0.5955237205293213
-0.00040096,0.568344715776,8.094409767095652,0.0,0.6792313878998244
-0.00039584000000000006,0.568344715776,8.094409767095652,0.0,0.6831511583958815
-0.00039072,0.568344715776,8.09266189704348,0.0,0.6821621311988155
-0.00038560000000000005,0.568344715776,8.094409767095652,0.0,0.6868439906942282
-0.00038048,0.568344715776,8.0979055072,0.0,0.6915427484672658
-0.00037536000000000004,0.568344715776,8.096157637147828,0.0,0.6837233343581101
-0.00037024,0.568344715776,8.104896987408695,0.0,0.680031525745967
-0.00036512000000000003,0.568344715776,8.104896987408695,0.0,0.6757818081583833
-0.00035999999999999997,0.568344715776,8.104896987408697,0.0,0.6819919277110574
-0.00035488,0.568344715776,8.11188846761739,0.0,0.6818844088821203
-0.00034975999999999996,0.568344715776,8.103149117356521,0.0,0.6838082259194495
-0.00034464,0.568344715776,8.104896987408695,0.0,0.686510313174449
-0.00033952000000000006,0.568344715776,8.104896987408695,0.0,0.6808576461383725
-0.0003344,0.568344715776,8.106644857460868,0.0,0.6852096475231626
-0.00032928000000000005,0.568344715776,8.103149117356523,0.0,0.6825740270403341
-0.00032416,0.568344715776,8.118879947826088,0.0,0.684482516102734
-0.00031904000000000004,0.5683097583749566,8.113636337669567,0.00016396474477681,0.6834417763651429
-0.00031392,0.5683097583749566,8.110140597565218,0.00016396474477681,0.684951002109917
-0.0003088,0.568344715776,8.113636337669567,0.0,0.6811761529628177
-0.00030367999999999997,0.568344715776,8.111888467617392,0.0,0.6808531590626916
-0.00029856,0.568344715776,8.113636337669567,0.0,0.6790064604526186
-0.00029343999999999996,0.5683097583749565,8.110140597565216,0.0001639647447768101,0.6863856986495277
-0.00028832,0.5674533020493913,8.125871428034783,0.004181100991808363,0.6816603568527292
-0.00028320000000000005,0.568344715776,8.117132077773913,0.0,0.6862254467234596
-0.00027808,0.5683097583749565,8.118879947826088,0.0001639647447768101,0.683763547464121
-0.00027296000000000004,0.5683097583749565,8.129367168139131,0.0001639647447768101,0.6766447230493867
-0.00026784,0.568344715776,8.131115038191304,0.0,0.6823009499658534
-0.00026272000000000003,0.568344715776,8.13286290824348,0.0,0.6828827858800662
-0.0002576,0.568344715776,8.127619298086957,0.0,0.6783312306098014
-0.00025248,0.568344715776,8.064695976208695,0.0,0.6328255189251959
-0.00024735999999999996,0.568344715776,8.012259874643478,0.0,0.7008588403278869
-0.00024224,0.568344715776,8.008764134539131,0.0,0.7111747964651928
-0.00023711999999999995,0.568344715776,8.01225987464348,0.0,0.7063514634058213
-0.000232,0.5683097583749566,8.015755614747826,0.00016396474477681003,0.7116214172359625
-0.00022688000000000005,0.568274800973913,8.017503484799999,0.0002265498516530511,0.7079111072393696
-0.00022176,0.5690438637968696,8.010512004591305,0.003454597838160113,0.7124280596406711
-0.00021664000000000004,0.5694283952083478,8.029738575165217,0.005082907088080753,0.7138845662797917
-0.00021151999999999998,0.568344715776,8.020999224904347,0.0,0.7161917534217467
-0.00020640000000000003,0.568344715776,8.019251354852171,0.0,0.7211356830142133
-0.00020127999999999997,0.568344715776,8.024494965008694,0.0,0.7096610713044156
-0.00019616000000000002,0.568344715776,8.020999224904347,0.0,0.714226842066001
-0.00019103999999999996,0.568344715776,8.029738575165219,0.0,0.7137861316146449
-0.00018592,0.568344715776,8.020999224904347,0.0,0.7124537885084218
-0.00018080000000000006,0.568344715776,8.03847792542609,0.0,0.7103753322235603
-0.00017568,0.568344715776,8.029738575165219,0.0,0.7127024530106799
-0.00017056000000000005,0.568344715776,8.03498218532174,0.0,0.708092338561356
-0.00016544,0.568344715776,8.029738575165219,0.0,0.7161448293295787
-0.00016032000000000004,0.568344715776,8.036730055373914,0.0,0.7079974136546273
-0.00015519999999999998,0.568344715776,8.033234315269565,0.0,0.7047016687715795
-0.00015008000000000003,0.568344715776,8.041973665530435,0.0,0.7026046284651264
-0.00014495999999999997,0.568344715776,8.041973665530435,0.0,0.7070906708899086
-0.00013984000000000002,0.568344715776,8.04022579547826,0.0,0.7157906665513947
-0.00013471999999999996,0.568344715776,8.04022579547826,0.0,0.7105688334753147
-0.0001296,0.568344715776,8.045469405634785,0.0,0.7041725710633319
-0.00012448000000000006,0.568344715776,8.041973665530435,0.0,0.7142097321724327
-0.00011936,0.568344715776,8.052460885843477,0.0,0.7138717277453777
-0.00011424000000000004,0.568344715776,8.045469405634782,0.0,0.7128996080105631
-0.00010911999999999999,0.568344715776,8.047217275686956,0.0,0.7109041108776051
-0.00010400000000000003,0.568344715776,8.054208755895653,0.0,0.7101817782490606
-9.887999999999997e-05,0.568344715776,8.050713015791304,0.0,0.7164604412903377
-9.376000000000002e-05,0.568344715776,8.048965145739132,0.0,0.7061178686918086
-8.863999999999996e-05,0.568344715776,8.050713015791306,0.0,0.7065849808941795
-8.352000000000001e-05,0.568344715776,8.054208755895655,0.0,0.7093898081170188
-7.839999999999995e-05,0.568344715776,8.057704496000001,0.0,0.7098935001073143
-7.328e-05,0.568344715776,8.04896514573913,0.0,0.7190355861112038
-6.816000000000005e-05,0.568344715776,8.062948106156522,0.0,0.7080405629171448
-6.303999999999999e-05,0.568344715776,8.069939586365217,0.0,0.7078550024264634
-5.792000000000004e-05,0.568344715776,8.055956625947825,0.0,0.711917578326439
-5.279999999999998e-05,0.568344715776,8.068191716313043,0.0,0.7119905266368628
-4.768000000000003e-05,0.568344715776,8.06644384626087,0.0,0.7120634674739975
-4.255999999999997e-05,0.568344715776,8.080426806678261,0.0,0.7140214962832148
-3.744000000000002e-05,0.568344715776,8.071687456417392,0.0,0.707077708997551
-3.231999999999996e-05,0.568344715776,8.06644384626087,0.0,0.713542126308882
-2.720000000000001e-05,0.568344715776,8.075183196521738,0.0,0.7149066286853866
-2.208000000000006e-05,0.568344715776,8.073435326469566,0.0,0.7028046161735083
-1.6959999999999892e-05,0.568344715776,8.080426806678261,0.0,0.7129381754377876
-1.1839999999999941e-05,0.5681349713697391,8.073435326469566,0.00035305244447093745,0.7062952347020641
-6.71999999999999e-06,0.5675406955519998,8.06120023610435,1.1102230246251565e-16,0.7008196081523428
-1.6000000000000389e-06,0.599439324004174,8.076931066573913,0.0210944527007301,0.7177555532096368
3.519999999999912e-06,0.568344715776,8.083922546782608,0.0,0.7127195990887261
8.64000000000008e-06,0.568344715776,8.080426806678261,0.0,0.7026133247665428
1.3760000000000031e-05,0.568344715776,8.094409767095652,0.0,0.7101817782490607
1.8879999999999982e-05,0.568344715776,8.083922546782608,0.0,0.7055855031496309
2.3999999999999933e-05,0.568344715776,8.085670416834782,0.0,0.7083511600157117
2.91200000000001e-05,0.568344715776,8.087418286886956,0.0,0.7208178798132596
3.424000000000005e-05,0.568344715776,8.087418286886956,0.0,0.7078334224681508
3.936e-05,0.568344715776,8.101401247304347,0.0,0.7084977835367701
4.4479999999999954e-05,0.568344715776,8.092661897043477,0.0,0.7135763777010203
4.9599999999999905e-05,0.568344715776,8.096157637147826,0.0,0.7159528351090981
5.472000000000007e-05,0.568344715776,8.090914026991303,0.0,0.7050917322724188
5.984000000000002e-05,0.568344715776,8.099653377252173,0.0,0.7071641171255771
6.495999999999997e-05,0.568344715776,8.096157637147826,0.0,0.711917578326439
7.007999999999993e-05,0.568344715776,8.099653377252173,0.0,0.7162472052036344
7.520000000000009e-05,0.568344715776,8.099653377252173,0.0,0.7086529989044741
8.032000000000004e-05,0.568344715776,8.090914026991303,0.0,0.7048923934507636
8.544e-05,0.568344715776,8.106644857460868,0.0,0.7109771631727236
9.055999999999995e-05,0.568344715776,8.106644857460868,0.0,0.6987152891138214
9.56799999999999e-05,0.568344715776,8.101401247304347,0.0,0.7094888527294757
0.00010080000000000006,0.568344715776,8.110140597565216,0.0,0.7084503498359583
0.00010592000000000002,0.568344715776,8.11188846761739,0.0,0.7060832554949548
0.00011103999999999997,0.568344715776,8.115384207721737,0.0,0.703113181198398
0.00011615999999999992,0.568344715776,8.11188846761739,0.0,0.7102506034830349
0.00012128000000000009,0.568344715776,8.113636337669563,0.0,0.7018041077422679
0.00012640000000000004,0.568344715776,8.115384207721737,0.0,0.7194136313306242
0.00013152,0.568344715776,8.118879947826086,0.0,0.7022175340238844
0.00013663999999999994,0.568344715776,8.122375687930433,0.0,0.7171551506769182
0.0001417600000000001,0.5683097583749565,8.124123557982607,0.0001639647447768101,0.7130153040338306
0.00014688000000000006,0.5683097583749565,8.118879947826086,0.0001639647447768101,0.7044154849281091
0.000152,0.5682398435728695,8.129367168139128,0.0002707788641361894,0.7081052818808835
0.00015711999999999996,0.5669638984347826,8.125871428034781,0.0046623921727596785,0.7136876833729947
0.0001622399999999999,0.566666760525913,8.120627817878258,0.0054177769142850765,0.7084891594637414
0.00016736000000000008,0.568274800973913,8.122375687930433,0.0002265498516530511,0.7085797069955142
0.00017248000000000003,0.568274800973913,8.139854388452171,0.0002265498516530511,0.7082562697978437
0.00017759999999999998,0.5693235230052174,8.131115038191302,0.004765246431561773,0.7038948525695257
0.00018271999999999993,0.5682398435728695,8.125871428034781,0.00027077886413618936,0.7092433690062876
0.0001878400000000001,0.5640099980466087,8.132862908243478,0.01184393169350768,0.7160339056148727
0.00019296000000000005,0.566404580018087,8.136358648347825,0.008930127929790347,0.7151672558248583
0.00019808,0.5649188904737391,8.138106518399997,0.010878437660173433,0.715218515558232
0.00020319999999999995,0.5692710869036521,8.132862908243476,0.004693348430065575,0.7130838557823848
0.0002083199999999999,0.5673134724452175,8.141602258504347,0.012259561044342471,0.7098848929902202
0.00021344000000000007,0.568344715776,8.145097998608696,0.0,0.7177342709290667
0.00021856000000000002,0.5683097583749565,8.14335012855652,0.0001639647447768101,0.7003573749381916
0.00022367999999999997,0.5683097583749565,8.145097998608694,0.0001639647447768101,0.7094630163375371
0.00022879999999999992,0.5684495879791305,8.139854388452171,0.000491894234330385,0.7103366256478589
0.0002339200000000001,0.5683097583749566,8.155585218921738,0.00016396474477681003,0.7089848732611116
0.00023904000000000004,0.5683097583749566,8.15208947881739,0.00016396474477681003,0.7103495280741039
0.00024416,0.5691137785989565,8.148593738713043,0.0036072243850895527,0.7167119782735751
0.00024927999999999994,0.568344715776,8.150341608765215,0.0,0.7065633621466906
0.0002544000000000001,0.568344715776,8.155585218921736,0.0,0.7038123837959528
0.00025952000000000006,0.568344715776,8.159080959026086,0.0,0.7088900678704886
0.00026464,0.568344715776,8.155585218921738,0.0,0.7095792726930499
0.00026975999999999997,0.568344715776,8.15208947881739,0.0,0.711239230230509
0.0002748799999999999,0.568344715776,8.159080959026086,0.0,0.7111662048553988
0.0002800000000000001,0.568344715776,8.155585218921736,0.0,0.7043113892448264
0.00028512000000000003,0.568344715776,8.162576699130433,0.0,0.7123380012853179
0.00029024,0.5683097583749566,8.159080959026085,0.00016396474477681005,0.6999122962825988
0.00029535999999999994,0.5676980038566957,8.164324569182607,0.003033347778370783,0.7105473359384838
0.0003004800000000001,0.568344715776,8.160828829078259,0.0,0.7060053695974693
0.00030560000000000006,0.568344715776,8.16956817933913,0.0,0.7159016279542131
0.00031072,0.568344715776,8.160828829078259,0.0,0.7115570180789035
0.00031583999999999996,0.568344715776,8.167820309286954,0.0,0.7077341461847723
0.0003209599999999999,0.568344715776,8.173063919443477,0.0,0.714363706461636
0.0003260800000000001,0.568344715776,8.17481178949565,0.0,0.7040207073357948
0.00033120000000000003,0.568344715776,8.174811789495653,0.0,0.7149151753440279
0.00033632,0.567610610354087,8.181803269704348,0.0034432596403127856,0.7124537885084218
0.00034143999999999993,0.5683097583749566,8.180055399652176,0.00016396474477681003,0.707561458601545
0.0003465600000000001,0.5671037280389565,8.181803269704348,0.005820748439576352,0.7201054916835468
0.00035168000000000005,0.568344715776,8.176559659547825,0.0,0.7079585770697988
0.0003568,0.568344715776,8.183551139756522,0.0,0.7113079531468097
0.00036191999999999995,0.568344715776,8.190542619965218,0.0,0.7078550024264635
0.0003670399999999999,0.568344715776,8.185299009808695,0.0,0.7071813974842319
0.00037216000000000007,0.5683097583749566,8.181803269704348,0.00016396474477681003,0.7173681168788879
0.00037728,0.5683097583749566,8.187046879860869,0.00016396474477681003,0.7078075256496955
0.00038239999999999997,0.5670338132368695,8.18704687986087,0.00614867792912995,0.7152142440541035
0.0003875199999999999,0.568344715776,8.188794749913043,0.0,0.7153381073182116
0.0003926400000000001,0.568344715776,8.195786230121742,0.0,0.7151031759910452
0.00039776000000000004,0.5683097583749565,8.194038360069566,0.0001639647447768101,0.7095706617643662
0.00040288,0.5683097583749565,8.194038360069566,0.0001639647447768101,0.7054989016760737
0.00040799999999999994,0.5693584804062608,8.195786230121739,0.004754977598527154,0.7082907768024826
0.0004131200000000001,0.568344715776,8.201029840278261,0.0,0.7164774974356837
0.00041824000000000006,0.568344715776,8.195786230121739,0.0,0.7158888255931762
0.00042336,0.568344715776,8.194038360069566,0.0,0.7123380012853178
0.00042847999999999996,0.568344715776,8.201029840278261,0.0,0.712247931542768
0.0004335999999999999,0.568344715776,8.202777710330436,0.0,0.7147014782167823
0.0004387200000000001,0.568344715776,8.206273450434784,0.0,0.7167332909095364
0.00044384000000000003,0.568344715776,8.20452558038261,0.0,0.7190993155231488
0.00044896,0.568344715776,8.206273450434782,0.0,0.7105301374407158
0.00045407999999999994,0.568344715776,8.202777710330437,0.0,0.7127324583765707
0.0004592000000000001,0.568344715776,8.216760670747828,0.0,0.709742860488405
0.00046432000000000005,0.568344715776,8.211517060591305,0.0,0.7114410849061921
0.00046944,0.568344715776,8.213264930643478,0.0,0.7081397962430261
0.00047455999999999996,0.5683097583749565,8.211517060591305,0.0001639647447768101,0.7101559670666484
0.0004796799999999999,0.5683097583749565,8.215012800695654,0.0001639647447768101,0.7067103565881477
0.0004848000000000001,0.568344715776,8.215012800695654,0.0,0.7095878835172391
0.00048992,0.5683097583749566,8.222004280904349,0.00016396474477681,0.7081009674673291
0.00049504,0.5683097583749566,8.215012800695654,0.00016396474477681,0.7049183973633952
0.0005001599999999999,0.568344715776,8.222004280904349,0.0,0.7141284545797661
0.0005052800000000001,0.568344715776,8.223752150956523,0.0,0.704458853589682
0.0005104,0.568344715776,8.220256410852175,0.0,0.7070647468675763
0.00051552,0.568344715776,8.228995761113044,0.0,0.7074362337445171
0.00052064,0.568344715776,8.23598724132174,0.0,0.7114582613830934
0.0005257600000000001,0.568344715776,8.234239371269567,0.0,0.7098676784429491
0.0005308800000000001,0.568344715776,8.230743631165218,0.0,0.711913287016574
0.000536,0.568344715776,8.22724789106087,0.0,0.7126552991689712
0.00054112,0.568344715776,8.239482981426088,0.0,0.7149109020274792
0.0005462399999999999,0.568344715776,8.230743631165216,0.0,0.7100355024758173
0.0005513600000000001,0.568344715776,8.228995761113044,0.0,0.705745687860822
0.00055648,0.568344715776,8.239482981426088,0.0,0.7148126086959132
0.0005616,0.5683097583749566,8.241230851478262,0.00016396474477681003,0.7183384423698597
0.0005667199999999999,0.5683097583749566,8.24472659158261,0.00016396474477681003,0.7135078732725324
0.0005718400000000001,0.5686068962838261,8.24472659158261,0.0012297355858259858,0.7092605987062466
0.0005769600000000001,0.568344715776,8.241230851478262,0.0,0.7135292816129445
0.00058208,0.568344715776,8.242978721530434,0.0,0.707885213262884
0.0005872,0.5683097583749566,8.24472659158261,0.00016396474477681003,0.7144919930221498
0.0005923199999999999,0.5683097583749566,8.242978721530436,0.00016396474477681003,0.7093725815553814
0.0005974400000000001,0.568344715776,8.260457422052175,0.0,0.7152655004200507
0.00060256,0.568344715776,8.249970201739131,0.0,0.7090968996536916
0.00060768,0.5683097583749565,8.248222331686957,0.0001639647447768101,0.7122865342556314
0.0006127999999999999,0.5677504399582609,8.251718071791306,0.0027874006612055905,0.7111447253767957
0.0006179200000000001,0.568344715776,8.251718071791304,0.0,0.7158717554223122
0.00062304,0.568344715776,8.251718071791306,0.0,0.7120334339165704
0.00062816,0.568344715776,8.255213811895652,0.0,0.7152099725244635
0.00063328,0.568344715776,8.258709552000001,0.0,0.7117716592765336
0.0006383999999999999,0.5685544601822609,8.258709552000003,0.0009837884686607929,0.7094974646510477
0.0006435200000000001,0.568274800973913,8.260457422052173,0.0002265498516530511,0.7065676859491056
0.00064864,0.5703372876354783,8.265701032208696,0.0074292496423606896,0.7024959156142146
0.00065376,0.568344715776,8.265701032208698,0.0,0.7101559670666483
0.0006588799999999999,0.568344715776,8.26744890226087,0.0,0.7202073045584363
0.0006640000000000001,0.5683097583749565,8.263953162156524,0.0001639647447768101,0.714363706461636
0.00066912,0.5699877136250434,8.263953162156524,0.00787946333294512,0.7109127056548894
0.00067424,0.5683097583749565,8.265701032208696,0.0001639647447768101,0.7099580501594388
0.00067936,0.5688690767916522,8.26744890226087,0.002459471171651971,0.70979020781361
0.0006844800000000001,0.568344715776,8.265701032208698,0.0,0.7122307741099069
0.0006896000000000001,0.568344715776,8.27618825252174,0.0,0.7124452123224115
0.00069472,0.568344715776,8.272692512417391,0.0,0.7138032516619363
0.00069984,0.5683097583749566,8.281431862678263,0.00016396474477681,0.7095792726930499
0.0007049599999999999,0.5683097583749566,8.274440382469567,0.00016396474477681,0.7144064712080875
0.0007100800000000001,0.568344715776,8.279683992626088,0.0,0.7071036325446625
0.0007152,0.568344715776,8.290171212939132,0.0,0.7126552991689712
0.00072032,0.5683097583749565,8.281431862678263,0.0001639647447768101,0.7148083347661931
0.0007254399999999999,0.569148736,8.167820309286958,0.0037711891298663606,0.7581606720766667
0.0007305600000000001,0.568344715776,8.171316049391304,0.0,0.7584789400763811
0.0007356800000000001,0.568344715776,8.162576699130437,0.0,0.7638412108477283
0.0007408,0.568344715776,8.166072439234782,0.0,0.7677587596621755
0.00074592,0.568344715776,8.164324569182611,0.0,0.7677746762141588
0.0007510399999999999,0.568344715776,8.164324569182607,0.0,0.7576406812309957
0.0007561600000000001,0.568274800973913,8.166072439234785,0.0002265498516530511,0.7634451490086926
0.00076128,0.568274800973913,8.174811789495653,0.0002265498516530511,0.7596139483850122
0.0007664,0.5685719388827826,8.178307529600001,0.0010657708410491747,0.7586037935721033
0.0007715199999999999,0.568344715776,8.176559659547825,0.0,0.7579994727611624
0.0007766400000000001,0.568344715776,8.176559659547827,0.0,0.7622517208325675
0.00078176,0.568344715776,8.174811789495651,0.0,0.7591512952933902
0.00078688,0.5683097583749565,8.185299009808697,0.00016396474477681013,0.7597748051617735
0.000792,0.5697080544166956,8.185299009808697,0.0063946250462951415,0.763741214616155
0.0007971200000000001,0.568344715776,8.181803269704348,0.0,0.7610925483635107
0.0008022400000000001,0.5683097583749566,8.178307529600001,0.00016396474477681003,0.7633130827278097
0.00080736,0.5661773569113043,8.181803269704348,0.010165814176161504,0.7614617497437488
0.00081248,0.568344715776,8.18180326970435,0.0,0.7601687604102073
0.0008175999999999999,0.568344715776,8.19578623012174,0.0,0.7628366538324192
0.0008227200000000001,0.568344715776,8.195786230121739,0.0,0.761084520257498
0.00082784,0.568344715776,8.185299009808697,0.0,0.7613453903709492
0.00083296,0.5683097583749565,8.199281970226087,0.00016396474477681013,0.7676154958429472
0.0008380799999999999,0.5683097583749565,8.199281970226087,0.00016396474477681013,0.75552883455881
0.0008432000000000001,0.568344715776,8.194038360069566,0.0,0.7665042933440439
0.0008483200000000001,0.5683097583749565,8.192290490017392,0.0001639647447768101,0.7614336646266314
0.00085344,0.5682398435728695,8.199281970226087,0.00027077886413618936,0.7675239521807293
0.00085856,0.5693584804062609,8.197534100173913,0.005102822725455216,0.7605343932739014
0.0008636799999999999,0.5687117684869565,8.201029840278261,0.0017216298201563702,0.7620994043650373
0.0008688000000000001,0.568344715776,8.202777710330434,0.0,0.7606147285855519
0.00087392,0.5683097583749565,8.197534100173913,0.0001639647447768101,0.7579430449011721
0.00087904,0.568344715776,8.204525580382608,0.0,0.762079360458182
0.0008841599999999999,0.568344715776,8.201029840278261,0.0,0.7693487848911128
0.0008892800000000001,0.568344715776,8.211517060591305,0.0,0.7606066954362128
0.0008944000000000001,0.568344715776,8.20452558038261,0.0,0.7595857949468237
0.00089952,0.5683097583749566,8.208021320486957,0.00016396474477681005,0.7700235514047535
0.00090464,0.5683796731770434,8.216760670747826,0.0001639647447767874,0.7623438975943191
0.0009097600000000001,0.568344715776,8.2185085408,0.0,0.7612851975097863
0.0009148800000000001,0.5683097583749566,8.213264930643478,0.00016396474477681005,0.7668310504073339
0.00092,0.5682398435728695,8.208021320486955,0.0002707788641361894,0.7621354820689639
0.00092512,0.568274800973913,8.209769190539133,0.0002265498516530511,0.7595254626366514
0.0009302399999999999,0.5684495879791305,8.222004280904349,0.0004918942343303852,0.7692653903076763
0.0009353600000000001,0.568344715776,8.225500021008695,0.0,0.7647525730988542
0.00094048,0.568344715776,8.225500021008695,0.0,0.7626363848245856
0.0009456,0.5683097583749566,8.220256410852175,0.00016396474477681003,0.7676712127273979
0.00095072,0.5683097583749566,8.2185085408,0.00016396474477681003,0.7582332005878123
0.0009558399999999999,0.5683097583749565,8.22724789106087,0.0001639647447768101,0.7671656328470762
0.0009609599999999999,0.566264750413913,8.228995761113044,0.00975590231421952,0.7591794648445793
0.0009660800000000002,0.5683097583749565,8.234239371269565,0.00016396474477681013,0.7651279941346706
0.0009712000000000002,0.567942705664,8.230743631165216,0.0018855945649331805,0.7660178846367401
0.0009763200000000001,0.568344715776,8.228995761113044,0.0,0.7559330855265239
0.00098144,0.568274800973913,8.230743631165216,0.0002265498516530511,0.7624320562430112
0.00098656,0.5683097583749566,8.23598724132174,0.00016396474477681003,0.7598833642365469
0.00099168,0.5704945959401739,8.230743631165216,0.010083831803773095,0.7600321051920634
0.0009968,0.5668765049321739,8.237735111373912,0.006886519280625546,0.7659660359902679
0.00100192,0.568274800973913,8.239482981426088,0.00022654985165305113,0.7637612149098385
0.0010070399999999998,0.5693235230052174,8.242978721530434,0.004591012853750344,0.7629207511389713
0.0010121600000000002,0.5683097583749566,8.241230851478262,0.00016396474477681003,0.7647685522163374
0.0010172800000000002,0.5683097583749566,8.241230851478262,0.00016396474477681003,0.7663289028475664
0.0010224000000000001,0.568676811085913,8.246474461634785,0.0015576650753795823,0.7597546999271659
0.00102752,0.568344715776,8.246474461634785,0.0,0.7618788923867252
0.00103264,0.568344715776,8.244726591582607,0.0,0.7723370817137523
0.00103776,0.568344715776,8.246474461634781,0.0,0.7568822254232924
0.00104288,0.5683097583749566,8.24997020173913,0.00016396474477681005,0.7655152036727196
0.0010479999999999999,0.5683097583749566,8.251718071791304,0.00016396474477681005,0.7658543500603522
0.0010531199999999998,0.5691312572994782,8.251718071791306,0.003864097565802469,0.7636492065184592
0.0010582400000000002,0.568274800973913,8.253465941843478,0.00022654985165305113,0.7583540660250954
0.0010633600000000002,0.5668590262316522,8.258709552000001,0.006968501653013953,0.7648764025278293
0.0010684800000000001,0.568344715776,8.258709552000001,0.0,0.7613774912844491
0.0010736,0.5683097583749565,8.24997020173913,0.0001639647447768101,0.7656987603674569
0.00107872,0.5683097583749565,8.255213811895654,0.0001639647447768101,0.7631209455193722
0.00108384,0.5701625006302609,8.270944642365217,0.008699126597918466,0.7581808195812763
0.00108896,0.5684321092786087,8.263953162156522,0.00040991186194198,0.7613132881039081
0.0010940799999999999,0.568344715776,8.270944642365217,0.0,0.762432056243011
0.0010991999999999998,0.568344715776,8.265701032208696,0.0,0.7729776218618261
0.0011043200000000002,0.5683097583749566,8.269196772313043,0.00016396474477681005,0.7674642439094788
0.0011094400000000002,0.5681699287707825,8.272692512417391,0.0008198237238840049,0.773155455502902
0.0011145600000000001,0.568344715776,8.270944642365219,0.0,0.7601245511163067
0.00111968,0.5683097583749565,8.27618825252174,0.0001639647447768101,0.7566400050191645
0.0011248,0.566736675328,8.276188252521738,0.007542378259732744,0.7626524082805138
0.00112992,0.568274800973913,8.28143186267826,0.00022654985165305108,0.7650441394588511
0.00113504,0.5682048861718261,8.277936122573914,0.00030475155695471176,0.7665162503255671
0.0011401599999999999,0.5664395374191304,8.277936122573914,0.008766191284074708,0.7634851645836288
0.0011452799999999998,0.5681000139686956,8.279683992626087,0.0009899797724939113,0.7685303327319524
0.0011504000000000002,0.5662822291144348,8.27618825252174,0.009503913824342845,0.765227809148693
0.0011555200000000002,0.5697604905182608,8.283179732730435,0.006640572163460328,0.759967788351363
0.0011606400000000001,0.568344715776,8.283179732730435,0.0,0.7558886285027884
0.00116576,0.568344715776,8.288423342886958,0.0,0.7647126238443646
0.00117088,0.568344715776,8.288423342886956,0.0,0.7675557946928908
0.001176,0.568344715776,8.291919082991305,0.0,0.7594973059184275
0.00118112,0.568344715776,8.291919082991305,0.0,0.7610684637914193
0.0011862399999999999,0.568344715776,8.297162693147826,0.0,0.763172987456371
0.0011913599999999998,0.5683097583749566,8.295414823095653,0.00016396474477681003,0.770907790784858
0.0011964800000000002,0.568274800973913,8.293666953043479,0.0003279294895535976,0.7645368223255407
0.0012016000000000002,0.568344715776,8.297162693147826,0.0,0.763725214004098
0.00120672,0.5683097583749565,8.2989105632,0.0001639647447768101,0.7621154391109649
0.00121184,0.5683097583749565,8.295414823095653,0.0001639647447768101,0.7665202359446266
0.00121696,0.5683097583749566,8.2989105632,0.00016396474477681,0.7590667803674601
0.00122208,0.5677679186587826,8.297162693147826,0.0027054182888171826,0.7628046143244896
0.0012272,0.568344715776,8.300658433252174,0.0,0.763725214004098
0.0012323199999999999,0.568344715776,8.30764991346087,0.0,0.7657905222156691
0.0012374400000000002,0.568344715776,8.302406303304348,0.0,0.7585957391279685
0.0012425600000000002,0.5683097583749566,8.309397783513043,0.00016396474477681003,0.7608436376873183
0.0012476800000000001,0.5683097583749566,8.312893523617392,0.00016396474477681003,0.7613413776615943
0.0012528,0.5663171865154782,8.305902043408697,0.009509955197054313,0.7655790544712563
0.00125792,0.568344715776,8.316389263721737,0.0,0.7660537777978078
0.00126304,0.5683097583749566,8.311145653565216,0.00016396474477681003,0.7682162289833756
0.00126816,0.5683097583749566,8.316389263721739,0.00016396474477681003,0.7594208752780084
0.00127328,0.5691137785989565,8.32163287387826,0.0036072243850895527,0.7679775833363393
0.0012783999999999998,0.568344715776,8.318137133773911,0.0,0.7572938223070687
0.0012835200000000002,0.568344715776,8.319885003826087,0.0,0.7615500105117589
0.0012886400000000002,0.568344715776,8.328624354086957,0.0,0.7598270762820396
0.0012937600000000001,0.568344715776,8.330372224139131,0.0,0.7651479581791596
0.00129888,0.5683097583749565,8.318137133773915,0.0001639647447768101,0.7550636783837227
0.001304,0.5678553121613913,8.321632873878261,0.0021303947669321756,0.7638492099807404
0.00130912,0.5683097583749565,8.328624354086958,0.00016396474477681013,0.7642530573255804
0.00131424,0.5698129266198261,8.3391115744,0.0068865192806255235,0.7645088501747808
0.0013193599999999999,0.568344715776,8.328624354086957,0.0,0.7627805838103786
0.0013244799999999998,0.568344715776,8.330372224139131,0.0,0.7642290723564928
0.0013296000000000002,0.5683097583749566,8.32163287387826,0.00016396474477681003,0.764676667730869
0.0013347200000000002,0.5661948356118262,8.333867964243478,0.009913767321219333,0.7624200352093526
0.0013398400000000001,0.5682748009739129,8.33386796424348,0.00022654985165305105,0.7594651255336486
0.00134496,0.5683097583749565,8.330372224139131,0.00016396474477681013,0.7670740354975965
0.00135008,0.5691662147005218,8.328624354086957,0.0038531715022547645,0.7634251404346808
0.0013552,0.568344715776,8.333867964243478,0.0,0.7668310504073339
0.00136032,0.5683097583749565,8.337363704347826,0.0001639647447768101,0.7635411828653587
0.0013654399999999999,0.5683097583749565,8.34785092466087,0.0001639647447768101,0.7563734729830598
0.0013705599999999998,0.5661773569113043,8.337363704347826,0.0101658141761615,0.7662970093534531
0.0013756800000000002,0.568344715776,8.342607314504347,0.0,0.7635811934076274
0.0013808000000000002,0.5683097583749566,8.344355184556521,0.00016396474477681003,0.7632490423658682
0.0013859200000000001,0.569952756224,8.342607314504349,0.00754237825973272,0.7610002200310954
0.00139104,0.568344715776,8.34785092466087,0.0,0.7637692148806663
0.00139616,0.568344715776,8.349598794713044,0.0,0.7636091995398473
0.00140128,0.568344715776,8.354842404869565,0.0,0.7573745013487194
0.0014064,0.568344715776,8.358338144973912,0.0,0.7562724893492365
0.0014115199999999999,0.568344715776,8.36183388507826,0.0,0.7725387905221863
0.0014166399999999998,0.568344715776,8.351346664765217,0.0,0.7651000435972242
0.0014217600000000002,0.568344715776,8.360086015026086,0.0,0.7510514430247833
0.0014268800000000002,0.568344715776,8.360086015026086,0.0,0.754132505295645
0.0014320000000000001,0.568344715776,8.360086015026086,0.0,0.756458288817477
0.00143712,0.568344715776,8.349598794713044,0.0,0.7641611108558257
0.00144224,0.568344715776,8.367077495234783,0.0,0.7626163550312308
0.00144736,0.5683097583749565,8.367077495234783,0.0001639647447768101,0.7663847132685351
0.00145248,0.5672610363436522,8.365329625182607,0.00508290708808075,0.763553186248179
0.0014575999999999999,0.568344715776,8.363581755130435,0.0,0.7613534157262117
0.0014627199999999998,0.5683097583749565,8.365329625182609,0.0001639647447768101,0.7602330602483741
0.0014678400000000002,0.5683097583749565,8.372321105391302,0.0001639647447768101,0.7584789400763811
0.0014729600000000002,0.5683097583749565,8.368825365286956,0.00016396474477681013,0.7562118926960302
0.00147808,0.5683097583749565,8.368825365286956,0.00016396474477681013,0.7677388635081653
0.0014832,0.568344715776,8.372321105391302,0.0,0.7655790544712563
0.00148832,0.568274800973913,8.37581684549565,0.0002265498516530511,0.7630288626279437
0.00149344,0.5702149367318261,8.367077495234783,0.009117752022909957,0.7629848190557065
0.00149856,0.5683097583749565,8.382808325704346,0.0001639647447768101,0.7603536077890111
0.0015036799999999999,0.5683097583749566,8.386304065808694,0.00016396474477681003,0.7633731156878729
0.0015088000000000002,0.5678553121613913,8.382808325704346,0.002130394766932176,0.7694480523722155
0.0015139200000000002,0.568274800973913,8.377564715547825,0.00022654985165305108,0.759018481898932
0.0015190400000000001,0.5675931316535652,8.381060455652174,0.0033578216888331936,0.7619751236431204
0.00152416,0.5683097583749566,8.389799805913041,0.00016396474477681,0.7609359850186862
0.00152928,0.568344715776,8.388051935860869,0.0,0.7632170201698246
0.0015344,0.568344715776,8.38455619575652,0.0,0.7602973546485777
0.00153952,0.568344715776,8.388051935860869,0.0,0.7627565525391902
0.00154464,0.568344715776,8.391547675965215,0.0,0.7671178442901664
0.0015497599999999999,0.568344715776,8.396791286121736,0.0,0.7620994043650373
0.0015548800000000002,0.568344715776,8.403782766330432,0.0,0.7588574648025914
0.0015600000000000002,0.5683097583749566,8.396791286121736,0.00016396474477681,0.7603455718808969
0.0015651200000000001,0.5683097583749566,8.391547675965215,0.00016396474477681,0.7670262412338347
0.00157024,0.5683097583749566,8.405530636382608,0.00016396474477681003,0.7588453871430599
0.00157536,0.5675931316535652,8.405530636382608,0.0035252420127011657,0.7684150437396231
0.00158048,0.568344715776,8.39853915617391,0.0,0.7676154958429472
0.0015856,0.5683097583749566,8.396791286121736,0.00016396474477681003,0.759513395599514
0.00159072,0.5683097583749566,8.412522116591301,0.00016396474477681003,0.7673209251022411
0.0015958399999999998,0.5695507461120001,8.403782766330432,0.005656783694799538,0.7673288879604602
0.0016009600000000002,0.568344715776,8.40727850643478,0.0,0.7604942224357234
0.0016060800000000002,0.568274800973913,8.414269986643479,0.0002265498516530511,0.7626043369026986
0.0016112000000000001,0.568746725888,8.41077424653913,0.0020635232731281206,0.7565592476512528
0.00161632,0.568344715776,8.407278506434782,0.0,0.7646407099265893
0.00162144,0.568344715776,8.416017856695651,0.0,0.7586883600729591
0.00162656,0.568344715776,8.421261466852172,0.0,0.7638172129460636
0.00163168,0.5683097583749565,8.41077424653913,0.0001639647447768101,0.7625722876339633
0.0016367999999999999,0.5687642045885217,8.417765726747826,0.0019675769373215853,0.7616061711295412
0.0016419199999999998,0.568344715776,8.421261466852174,0.0,0.7659301387174274
0.0016470400000000002,0.568344715776,8.421261466852172,0.0,0.7638172129460636
0.0016521600000000002,0.568344715776,8.419513596799998,0.0,0.7670780182184903
0.0016572800000000001,0.568344715776,8.42825294706087,0.0,0.7634011294536317
0.0016624,0.568344715776,8.42825294706087,0.0,0.7613734787442775
0.00166752,0.5675057381509565,8.435244427269565,0.003935153874643171,0.7555167036879318
0.00167264,0.5683097583749565,8.440488037426087,0.00016396474477681013,0.7609038654789775
0.00167776,0.568344715776,8.433496557217392,0.0,0.7561553314384369
0.0016828799999999999,0.568344715776,8.42825294706087,0.0,0.7635851943465477
0.0016879999999999998,0.5683097583749565,8.430000817113044,0.00016396474477681013,0.7665481346977997
0.0016931200000000002,0.568344715776,8.43174868716522,0.0,0.761694415162832
0.0016982400000000002,0.568344715776,8.435244427269565,0.0,0.7650361528198893
0.0017033600000000001,0.568344715776,8.438740167373913,0.0,0.7643130164553495
0.00170848,0.568344715776,8.44223590747826,0.0,0.7668788568359919
0.0017136,0.5683097583749566,8.433496557217392,0.00016396474477681003,0.762448083993068
0.00171872,0.5683097583749566,8.440488037426087,0.00016396474477681003,0.7569225879547401
0.00172384,0.5696730970156522,8.328624354086955,0.006230660301518329,0.8234675680880318
0.0017289599999999999,0.568344715776,8.319885003826087,0.0,0.8318429246672353
0.0017340799999999998,0.568344715776,8.326876484034782,0.0,0.8382854743047061
0.0017392000000000002,0.568344715776,8.325128613982606,0.0,0.8354453178198181
0.0017443200000000002,0.568344715776,8.328624354086957,0.0,0.8360009654191313
0.0017494400000000001,0.5683097583749566,8.32163287387826,0.00016396474477681,0.8344537387532057
0.00175456,0.5683097583749566,8.332120094191305,0.00016396474477681,0.8359534573700967
0.00175968,0.5683097583749566,8.330372224139131,0.00016396474477681,0.8314278141139979
0.0017648,0.5683097583749566,8.326876484034782,0.00016396474477681,0.8329879965184218
0.00176992,0.5683097583749566,8.337363704347826,0.00016396474477681003,0.835181987298265
0.0017750399999999999,0.5683097583749566,8.332120094191305,0.00016396474477681003,0.8364576358737729
0.0017801600000000002,0.5683097583749565,8.335615834295652,0.0001639647447768101,0.8360594331581558
0.0017852800000000002,0.5682748009739129,8.339111574399999,0.00022654985165305108,0.8266852557684436
0.0017904000000000002,0.5682398435728695,8.344355184556521,0.00027077886413618936,0.827560635646645
0.00179552,0.5682398435728695,8.332120094191305,0.00027077886413618936,0.840814519106369
0.00180064,0.5704771172396521,8.335615834295652,0.010001849431384694,0.835639105318379
0.00180576,0.568344715776,8.346103054608694,0.0,0.8350283394778043
0.00181088,0.5683097583749566,8.342607314504347,0.00016396474477681005,0.8326064808792701
0.001816,0.568274800973913,8.340859444452175,0.0002265498516530511,0.829525942133601
0.0018211199999999999,0.5679951417655652,8.347850924660868,0.0016396474477679878,0.8366511888964155
0.0018262400000000002,0.568344715776,8.344355184556521,0.0,0.8350832169446574
0.0018313600000000002,0.568344715776,8.351346664765217,0.0,0.8351783293453204
0.0018364800000000001,0.568344715776,8.35309453481739,0.0,0.8300450666641404
0.0018416,0.568344715776,8.35659027492174,0.0,0.8404947155036014
0.00184672,0.568344715776,8.363581755130435,0.0,0.8309867617175088
0.00185184,0.568344715776,8.35659027492174,0.0,0.8389047939634292
0.00185696,0.568344715776,8.36183388507826,0.0,0.8342010820287525
0.00186208,0.5669813771353044,8.365329625182609,0.006394625046295144,0.829960408939119
0.0018671999999999998,0.5683097583749566,8.360086015026086,0.00016396474477681003,0.8299824943955272
0.0018723200000000002,0.5690613424973913,8.358338144973912,0.0033612772679243548,0.8368958050702427
0.0018774400000000002,0.568344715776,8.363581755130435,0.0,0.8359607664764507
0.0018825600000000001,0.5692885656041738,8.36183388507826,0.004427048108973555,0.8348746633804616
0.00188768,0.5683097583749566,8.363581755130435,0.00016396474477681005,0.8331823555585045
0.0018928,0.5688690767916522,8.368825365286956,0.0024594711716519712,0.8397747121107197
0.00189792,0.568344715776,8.368825365286956,0.0,0.8251723949785045
0.00190304,0.5683097583749565,8.37057323533913,0.0001639647447768101,0.8329476521666591
0.0019081599999999999,0.5668415475311304,8.37057323533913,0.007050484025402335,0.8234453078961504
0.0019132799999999998,0.568344715776,8.37581684549565,0.0,0.8338714147327931
0.0019184000000000002,0.568344715776,8.37581684549565,0.0,0.8366475373670486
0.0019235200000000002,0.5683097583749565,8.372321105391304,0.0001639647447768101,0.8322468157086468
0.0019286400000000001,0.5692885656041738,8.374068975443478,0.004427048108973555,0.8321330117082165
0.00193376,0.5683097583749566,8.377564715547825,0.00016396474477681003,0.8277451966902664
0.00193888,0.568274800973913,8.3793125856,0.0002265498516530511,0.8365708515685548
0.001944,0.5676280890546087,8.3793125856,0.005499266966716239,0.8368227928034695
0.00194912,0.5672959937446956,8.38455619575652,0.004750349381523141,0.8355038244425179
0.00195424,0.5683097583749566,8.265701032208694,0.00016396474477681003,0.8941136954791802
0.00195936,0.568344715776,8.256961681947825,0.0,0.8985684172113166
0.0019644800000000002,0.568344715776,8.263953162156524,0.0,0.8926706214950497
0.0019696,0.568344715776,8.270944642365219,0.0,0.8964511802428835
0.00197472,0.568344715776,8.272692512417391,0.0,0.8941888629540655
0.00197984,0.568344715776,8.270944642365215,0.0,0.8966862971073662
0.00198496,0.568344715776,8.281431862678263,0.0,0.8953053809441215
0.00199008,0.5683097583749565,8.283179732730435,0.00016396474477681013,0.8918385976827787
0.0019952,0.5690263850963478,8.284927602782608,0.00319731252314757,0.8940316873897203
0.00200032,0.568344715776,8.28143186267826,0.0,0.8905839589405748
0.00200544,0.568344715776,8.277936122573912,0.0,0.8994587519517263
0.00201056,0.5683097583749566,8.277936122573912,0.00016396474477681005,0.8912183550165491
0.00201568,0.5683097583749566,8.27968399262609,0.00016396474477681005,0.8912183550165491
0.0020208,0.5689040341926956,8.28143186267826,0.002623435916428758,0.898204553411818
0.00202592,0.568344715776,8.288423342886956,0.0,0.90026676609155
0.00203104,0.568344715776,8.16432456918261,0.0,0.9443319876824424
0.00203616,0.568344715776,8.162576699130437,0.0,0.9354452902736826
0.00204128,0.5683097583749566,8.16432456918261,0.00016396474477681003,0.9369366075347052
0.0020464,0.568274800973913,8.167820309286958,0.0002265498516530511,0.9354812142363086
0.0020515200000000003,0.5665618883227826,8.174811789495653,0.008362201983616726,0.9335033433409341
0.00205664,0.568344715776,8.166072439234783,0.0,0.9369235647270738
0.00206176,0.568344715776,8.174811789495653,0.0,0.9285221381749325
0.00206688,0.5683097583749565,8.164324569182607,0.0001639647447768101,0.9334804343598381
0.002072,0.5682398435728695,8.166072439234783,0.00027077886413618936,0.9362483514309136
0.00207712,0.5667891114295651,8.181803269704348,0.0071268959318144,0.9362842445811674
0.00208224,0.5713160948646956,8.174811789495653,0.009687300720900153,0.9433868527408091
0.00208736,0.5683097583749566,8.178307529600001,0.00016396474477681003,0.9414547969280415
0.00209248,0.5671736428410434,8.188794749913043,0.005323921513846339,0.928923459286315
0.0020976000000000002,0.5681524500702608,8.176559659547827,0.000901806096272388,0.9332447664857567
0.00210272,0.568274800973913,8.181803269704348,0.00022654985165305108,0.9323735880656392
0.00210784,0.5671386854399999,8.188794749913043,0.005318754496181292,0.9307371100920746
0.00211296,0.5704421598386087,8.194038360069566,0.009837884686607902,0.9359709488572948
0.00211808,0.5701974580313043,8.18704687986087,0.008690131473170302,0.9327536005061942
0.0021232,0.5683097583749565,8.185299009808697,0.0001639647447768101,0.9358142616629505
0.00212832,0.568344715776,8.19578623012174,0.0,0.9361276098256455
0.00213344,0.568344715776,8.180055399652176,0.0,0.9324161833725837
0.00213856,0.568344715776,8.188794749913045,0.0,0.9320196440971767
0.0021436800000000002,0.568274800973913,8.194038360069566,0.0002265498516530511,0.9363462385999425
0.0021488,0.567610610354087,8.192290490017392,0.003275939354430946,0.9412016504993024
0.00215392,0.568344715776,8.199281970226087,0.0,0.9328223793120956
0.00215904,0.5683097583749566,8.188794749913045,0.00016396474477681,0.9369072609622016
0.00216416,0.5665793670233044,8.206273450434784,0.008280219611228325,0.9396195658222672
0.00216928,0.5692885656041738,8.199281970226087,0.004427048108973556,0.9307863447613125
0.0021744,0.5683097583749566,8.206273450434784,0.00016396474477681003,0.9387217591123473
0.00217952,0.5683097583749566,8.20452558038261,0.00016396474477681003,0.9375363805396244
0.00218464,0.5684146305780869,8.211517060591305,0.0003279294895535976,0.9389625596313382
0.0021897600000000002,0.5671386854399999,8.209769190539133,0.005656783694799563,0.937787258653107
0.00219488,0.5674882594504347,8.208021320486957,0.0038492051294514557,0.9351055773299625
0.0022,0.5700925858281739,8.2185085408,0.00837125752087939,0.9350140950645198
0.00220512,0.5686243749843478,8.2185085408,0.0014921528860729844,0.9424245616445663
0.00221024,0.5686068962838261,8.2185085408,0.0012297355858259858,0.9356901990258887
0.00221536,0.568344715776,8.21326493064348,0.0,0.9335327969191275
0.00222048,0.5683097583749566,8.208021320486957,0.00016396474477681003,0.9313408755118845
0.0022256,0.5683097583749566,8.216760670747826,0.00016396474477681003,0.9324161833725836
0.00223072,0.5686068962838261,8.2185085408,0.0012297355858259863,0.93621572010019
0.0022358400000000002,0.568344715776,8.225500021008695,0.0,0.9384385767751794
0.00224096,0.568344715776,8.220256410852175,0.0,0.9313605569251231
0.00224608,0.568344715776,8.223752150956523,0.0,0.9364636896965354
0.0022512,0.568344715776,8.223752150956523,0.0,0.9418506074693191
0.00225632,0.568344715776,8.228995761113044,0.0,0.9347297894676123
0.00226144,0.568274800973913,8.225500021008695,0.0002265498516530511,0.9311473194572211
0.00226656,0.568274800973913,8.228995761113044,0.0002265498516530511,0.9431115498560764
0.00227168,0.568344715776,8.23598724132174,0.0,0.9343244227717606
0.0022768,0.5683097583749565,8.237735111373912,0.00016396474477681013,0.9318426216981841
0.00228192,0.5678203547603478,8.237735111373912,0.002459471171651994,0.932521025069746
0.00228704,0.568344715776,8.234239371269565,0.0,0.9406139584889378
0.00229216,0.568344715776,8.237735111373912,0.0,0.9353048469987503
0.00229728,0.568344715776,8.239482981426086,0.0,0.9351545820051257
0.0023024,0.5683097583749566,8.242978721530434,0.00016396474477681003,0.9337912940155827
0.00230752,0.5683097583749566,8.124123557982609,0.00016396474477681003,0.9726296138694949
0.00231264,0.5689739489947826,8.117132077773912,0.003127075813198651,0.9727929332323134
0.00231776,0.5682223648723478,8.12062781787826,0.0005738766067188127,0.9734396598819438
0.0023228800000000003,0.568344715776,8.125871428034783,0.0,0.9739165808968124
0.002328,0.568344715776,8.127619298086957,0.0,0.9698521268583487
0.00233312,0.568344715776,8.131115038191304,0.0,0.971403843411626
0.00233824,0.5683097583749565,8.125871428034783,0.0001639647447768101,0.96529278686954
0.00234336,0.5683097583749565,8.124123557982609,0.0001639647447768101,0.9663967037849547
0.00234848,0.5687642045885217,8.125871428034783,0.002145256837102044,0.9647102705401585
0.0023536,0.5696206609140869,8.12936716813913,0.005984713184353138,0.966131119845327
0.00235872,0.568344715776,8.141602258504347,0.0,0.9743117463496976
0.00236384,0.5683097583749566,8.134610778295652,0.00016396474477681,0.9706991113216489
0.0023689600000000002,0.568344715776,8.13286290824348,0.0,0.9673193568426555
0.00237408,0.568344715776,8.136358648347825,0.0,0.9654415254462468
0.0023792,0.568344715776,8.145097998608696,0.0,0.9737879607331136
0.00238432,0.568344715776,8.139854388452175,0.0,0.9731257685865774
0.00238944,0.568344715776,8.024494965008696,0.0,0.9940694955592961
0.00239456,0.5683097583749566,8.020999224904347,0.00016396474477681005,0.9919651475659464
0.00239968,0.5703023302344348,8.022747094956522,0.009182025707500709,0.9914260368700125
0.0024048,0.568344715776,8.022747094956522,0.0,0.9953164634293831
0.00240992,0.568344715776,8.020999224904347,0.0,0.9930271085382503
0.0024150400000000002,0.568344715776,8.02624283506087,0.0,0.9921807098236843
0.00242016,0.568344715776,8.031486445217393,0.0,0.996396315416688
0.00242528,0.5683097583749566,8.02624283506087,0.00016396474477681003,0.9947269591608385
0.0024304,0.5683097583749566,8.027990705113043,0.00016396474477681003,0.9968622535188174
0.00243552,0.5690263850963477,8.031486445217391,0.0031973125231475707,0.9941371053276115
0.00244064,0.5668590262316522,8.029738575165219,0.006799057237765461,0.9971594817962456
0.00244576,0.568274800973913,8.036730055373914,0.0002265498516530511,1.001409042477535
0.00245088,0.5683097583749565,8.041973665530437,0.0001639647447768101,0.9886889947712403
0.002456,0.5685195027812174,8.036730055373914,0.001004683247223844,0.9875605004690532
0.0024611200000000002,0.568344715776,8.041973665530437,0.0,0.9835586427414936
0.00246624,0.568344715776,8.043721535582607,0.0,0.9871861121666061
0.00247136,0.568344715776,8.045469405634782,0.0,0.9863192141552443
0.00247648,0.5683097583749566,8.041973665530437,0.00016396474477681003,0.9837729415737915
0.0024816,0.568344715776,8.048965145739132,0.0,0.994868226377515
0.00248672,0.568344715776,8.04721727568696,0.0,0.990994537150624
0.00249184,0.5683097583749566,8.036730055373914,0.00016396474477681003,0.9908280513251008
0.00249696,0.5694633526093913,8.054208755895653,0.005246871832857538,0.9957123405889627
0.00250208,0.568344715776,7.92836211213913,0.0,1.002467094153697
0.0025072000000000002,0.5683097583749565,7.9283621121391326,0.0001639647447768101,0.9942323658339424
0.00251232,0.5683097583749565,7.928362112139132,0.0001639647447768101,1.0019061914991145
0.00251744,0.568344715776,7.937101462400001,0.0,1.0057591175095024
0.00252256,0.5683097583749566,7.9336057222956535,0.00016396474477681005,0.9965588054130053
0.00252768,0.5683097583749566,7.935353592347826,0.00016396474477681005,0.9986412370137866
0.0025328,0.5687117684869565,7.937101462400001,0.0017216298201563702,1.0045707309955887
0.00253792,0.568344715776,7.945840812660871,0.0,0.9952213066906166
0.00254304,0.568344715776,7.938849332452175,0.0,1.001030677864265
0.0025481600000000003,0.568344715776,7.940597202504349,0.0,1.004774467348467
0.0025532800000000002,0.568344715776,7.942345072556523,0.0,1.0020007133963809
0.0025584,0.568344715776,7.945840812660871,0.0,0.9933839186471219
0.00256352,0.568344715776,7.947588682713044,0.0,1.0074496155345827
0.00256864,0.568344715776,7.952832292869566,0.0,1.0087406159174965
0.00257376,0.568344715776,7.951084422817393,0.0,0.9925101216542617
0.00257888,0.568344715776,7.947588682713044,0.0,1.0106528647596011
0.002584,0.5683097583749565,7.945840812660871,0.0001639647447768101,0.9953625037468274
0.00258912,0.5683097583749565,7.958075903026088,0.0001639647447768101,1.0071463239752807
0.0025942400000000003,0.568344715776,7.954580162921741,0.0,1.0012656469100296
0.00259936,0.568344715776,7.965067383234783,0.0,0.9969480604700001
0.00260448,0.568344715776,7.961571643130435,0.0,0.996546542941393
0.0026096,0.568274800973913,7.956328032973914,0.0002265498516530511,1.0044217036188146
0.00261472,0.568274800973913,7.9633195131826096,0.0002265498516530511,1.0049629627009082
0.00261984,0.5683097583749565,7.958075903026087,0.0001639647447768101,1.0002154875202096
0.00262496,0.570022671026087,7.966815253286958,0.007870307749286319,1.005075435019588
0.00263008,0.568344715776,7.970310993391306,0.0,0.9961172613337456
0.0026352,0.568344715776,7.9773024736,0.0,0.9987483035003243
0.0026403200000000003,0.5683097583749565,7.966815253286957,0.0001639647447768101,1.0072403541258248
0.00264544,0.5686243749843478,7.965067383234783,0.0014921528860729841,0.9995524648046846
0.00265056,0.5668765049321739,7.973806733495652,0.006717098949263549,1.0065910637888966
0.00265568,0.5664744948201739,7.975554603547826,0.00877211384555873,0.9999069463865099
0.0026608,0.568344715776,7.980798213704348,0.0,0.9963472566253868
0.00266592,0.568344715776,7.972058863443478,0.0,1.0073161784988274
0.00267104,0.568344715776,7.973806733495653,0.0,0.9879192849729986
0.00267616,0.568344715776,7.975554603547826,0.0,0.9977261149896259
0.00268128,0.568274800973913,7.982546083756523,0.0002265498516530511,1.0010184701730709
0.0026864000000000002,0.5679252269634782,7.979050343652175,0.0018036121925447987,0.9982189772499332
0.00269152,0.5683097583749566,7.9807982137043485,0.00016396474477681003,0.9985310995079908
0.00269664,0.5683097583749566,7.977302473600001,0.00016396474477681003,1.0145237654320758
0.00270176,0.568344715776,7.986041823860869,0.0,0.9915431258207812
0.00270688,0.568344715776,7.986041823860871,0.0,1.0054066992608608
0.002712,0.568344715776,7.987789693913045,0.0,1.0005911071492866
0.00271712,0.568344715776,7.9982769142260866,0.0,0.9942968919593221
0.00272224,0.5683097583749566,7.996529044173914,0.00016396474477681,0.9995830285131426
0.00272736,0.5684670666796522,7.991285434017392,0.0005738766067187901,0.9936422183963158
0.0027324800000000002,0.568344715776,7.99478117412174,0.0,1.0034387856674978
0.0027376,0.568344715776,7.996529044173914,0.0,1.0033718026704825
0.00274272,0.568344715776,7.998276914226087,0.0,1.0078437581132271
0.00274784,0.5683097583749565,7.996529044173914,0.00016396474477681013,0.9988094791968821
0.00275296,0.5682748009739129,7.996529044173912,0.00022654985165305105,1.0036518836442059
0.00275808,0.5675057381509564,8.001772654330436,0.003767298631103863,0.9949941215567678
0.0027632,0.5683097583749566,7.9982769142260866,0.00016396474477681005,1.0002857360586412
0.00276832,0.568344715776,8.005268394434783,0.0,0.9917895836907802
0.00277344,0.568274800973913,8.005268394434783,0.00022654985165305108,0.9992009149623936
0.0027785600000000002,0.5682398435728695,8.007016264486957,0.0002707788641361894,0.9934731011509222
0.00278368,0.5664919735206956,8.005268394434784,0.008690131473170326,1.0029911325452445
0.0027888,0.568344715776,8.008764134539131,0.0,0.996984832616905
0.00279392,0.568344715776,8.00526839443478,0.0,1.0008872280890475
0.00279904,0.568344715776,8.0175034848,0.0,1.0030307289695035
0.00280416,0.568344715776,8.019251354852175,0.0,1.0050237601118488
0.00280928,0.568344715776,8.0175034848,0.0,0.9964944257535946
0.0028144,0.5683097583749565,8.024494965008696,0.0001639647447768101,0.9982312191770287
0.0028195200000000003,0.5683097583749565,8.015755614747826,0.0001639647447768101,0.9986412370137865
0.0028246400000000002,0.5681174926692174,8.022747094956522,0.0010657708410491975,1.0072464202857185
0.00282976,0.5683272370754782,8.022747094956522,0.00018662145321443157,1.0020708367844777
0.00283488,0.5686418536848695,8.02624283506087,0.001393700330602773,0.9981118539830858
0.00284,0.568344715776,8.0175034848,0.0,1.0010673000446337
0.00284512,0.568344715776,8.020999224904347,0.0,1.0032347780651736
0.00285024,0.5683097583749566,8.020999224904347,0.00016396474477681003,1.0017628670951262
0.00285536,0.5683097583749566,8.019251354852175,0.00016396474477681003,0.9979373714785683
0.00286048,0.568344715776,8.031486445217391,0.0,1.0069187953549323
0.0028656000000000003,0.568344715776,8.024494965008696,0.0,0.999778614121934
0.00287072,0.568344715776,8.041973665530433,0.0,1.002031202428967
0.00287584,0.568344715776,7.916127021773914,0.0,1.0005666808917468
0.00288096,0.568344715776,7.9143791517217394,0.0,1.0082589570099922
0.00288608,0.568274800973913,7.916127021773914,0.0002265498516530511,1.001900093005976
0.0028912,0.5682398435728695,7.909135541565218,0.00027077886413618936,1.0059990558192093
0.00289632,0.5701625006302609,7.917874891826086,0.008871882605608332,1.0090282898156402
0.00290144,0.5683097583749566,7.921370631930435,0.00016396474477681,1.0060203134157932
0.00290656,0.568344715776,7.923118501982609,0.0,1.0149813819677387
0.00291168,0.5683097583749566,7.930109982191304,0.00016396474477681005,1.0095005028035857
0.0029167999999999998,0.5683097583749566,7.923118501982609,0.00016396474477681005,1.0061508859416013
0.0029219199999999997,0.568344715776,7.919622761878261,0.0,1.0158268276056603
0.0029270399999999997,0.568344715776,7.930109982191304,0.0,1.007061385970409
0.0029321600000000005,0.5683097583749566,7.933605722295652,0.00016396474477681003,1.0089616778949664
0.0029372800000000004,0.5677679186587826,7.930109982191304,0.0027054182888171835,1.0032165067037355
0.0029424000000000004,0.5683097583749566,7.92836211213913,0.00016396474477681,1.006175176635052
0.0029475200000000003,0.5683621944765217,7.938849332452173,8.198237238838237e-05,1.0021531492834739
0.0029526400000000003,0.5683097583749566,7.930109982191304,0.00016396474477681005,1.0102658661553656
0.0029577600000000003,0.568344715776,7.935353592347825,0.0,1.0078164762856605
0.00296288,0.5683097583749565,7.938849332452173,0.00016396474477681013,1.0060020926462228
0.002968,0.5682398435728695,7.949336552765216,0.0002707788641361894,1.0106679788852426
0.00297312,0.5673484298462609,7.944092942608694,0.004336056616608312,1.0116559524168258
0.00297824,0.5683097583749566,7.940597202504347,0.00016396474477681005,1.005263873938085
0.00298336,0.5683097583749566,7.940597202504347,0.00016396474477681005,1.0088920334572673
0.00298848,0.5683097583749566,7.944092942608694,0.00016396474477681005,1.006712458290452
0.0029936,0.568344715776,7.944092942608694,0.0,1.0041266250105012
0.00299872,0.568344715776,7.945840812660868,0.0,1.0058957982456382
0.00300384,0.5662997078149565,7.944092942608694,0.009591937569442708,1.0075496817141334
0.0030089599999999998,0.568274800973913,7.951084422817389,0.0002265498516530511,1.009149391133849
0.0030140799999999997,0.5699702349245218,7.9545801629217365,0.007797498862025863,1.0091645277768195
0.0030191999999999997,0.5683097583749566,7.951084422817389,0.00016396474477681003,1.0080347102319558
0.0030243200000000005,0.568344715776,7.961571643130432,0.0,1.0060901566421856
0.0030294400000000004,0.568344715776,7.961571643130432,0.0,1.004552483933209
0.0030345600000000004,0.568344715776,7.956328032973911,0.0,1.0021104695724143
0.0030396800000000003,0.5683097583749566,7.958075903026084,0.00016396474477681003,1.0010581446251448
0.0030448000000000003,0.5683097583749566,7.956328032973911,0.00016396474477681003,1.0055403896880106
0.0030499200000000002,0.5683097583749566,7.961571643130432,0.00016396474477681003,1.0056011521884247
0.00305504,0.5683097583749566,7.959823773078258,0.00016396474477681003,1.0050480780464521
0.00306016,0.568344715776,7.972058863443477,0.0,1.0091978275922096
0.00306528,0.568344715776,7.9615716431304335,0.0,1.0079043817528348
0.0030704,0.5683097583749566,7.973806733495651,0.00016396474477681003,0.9977567346436095
0.00307552,0.5686593323853913,7.963319513182607,0.0014756827029911775,1.0048231146955235
0.00308064,0.568344715776,7.970310993391303,0.0,1.0085952336931596
0.00308576,0.568344715776,7.975554603547825,0.0,1.0092099363435685
0.00309088,0.568344715776,7.970310993391303,0.0,1.0053155365035706
0.003096,0.5683097583749566,7.9790503436521725,0.00016396474477681003,0.9977965387890357
0.0031011199999999997,0.5683097583749566,7.973806733495651,0.00016396474477681003,1.0097274496707442
0.0031062399999999997,0.5696730970156522,7.980798213704346,0.006230660301518328,1.0080559249012393
0.0031113599999999996,0.568344715776,7.987789693913043,0.0,1.011972987041376
0.0031164800000000005,0.5683097583749566,7.9790503436521725,0.00016396474477681005,1.0088617517673832
0.0031216000000000004,0.5682223648723478,7.984293953808695,0.0005738766067188127,1.0100571882113358
0.0031267200000000004,0.568344715776,7.982546083756521,0.0,1.0022110688413481
0.0031318400000000003,0.568344715776,7.980798213704346,0.0,1.0028144525269642
0.0031369600000000003,0.568344715776,7.986041823860868,0.0,1.0122325795256555
0.0031420800000000002,0.568344715776,7.993033304069564,0.0,1.0065091142234235
0.0031472,0.5683097583749565,7.986041823860868,0.0001639647447768101,0.9992376042037987
0.00315232,0.5661249208097391,7.99128543401739,0.010411761293326716,1.010262842145158
0.00315744,0.568344715776,7.982546083756521,0.0,1.0074556804344577
0.00316256,0.5683097583749565,7.99478117412174,0.00016396474477681013,1.0004933985410402
0.00316768,0.5683097583749565,7.994781174121739,0.00016396474477681013,1.010486594457179
0.0031728,0.5683097583749565,7.9982769142260866,0.0001639647447768101,1.0022506960839783
0.00317792,0.5683097583749565,8.00002478427826,0.0001639647447768101,1.0162417711381002
0.00318304,0.5683097583749565,8.001772654330432,0.0001639647447768101,0.9994332574109269
0.0031881599999999998,0.5682573222733913,7.998276914226085,0.0004099118619420026,1.011879396676723
0.0031932799999999997,0.5683097583749565,8.000024784278262,0.0001639647447768101,1.0170711503385341
0.0031983999999999997,0.5664045800180869,7.996529044173912,0.009100043335112325,1.0059595762337763
0.0032035200000000005,0.568344715776,8.003520524382608,0.0,1.0086618698137686
0.0032086400000000005,0.568344715776,8.007016264486955,0.0,1.0005208800515597
0.0032137600000000004,0.5683097583749566,8.003520524382608,0.00016396474477681003,1.0118612814127328
0.0032188800000000004,0.5682048861718261,7.889908970991303,0.00030475155695471176,1.0119337405229374
0.0032240000000000003,0.5662997078149565,7.772801677495652,0.00925186435508602,0.9981791899499816
0.0032291200000000003,0.5692536082031304,7.760566587130432,0.004263083364196745,1.0017506683266515
0.00323424,0.568344715776,7.769305937391303,0.0,1.0036366638606669
0.00323936,0.568344715776,7.769305937391306,0.0,0.9995677467757318
0.00324448,0.568344715776,7.767558067339129,0.0,1.0049872821066423
0.0032496,0.568344715776,7.778045287652175,0.0,1.0024335707502685
0.00325472,0.5683097583749565,7.774549547547824,0.0001639647447768101,0.9985005036003993
0.00325984,0.5683097583749565,7.774549547547824,0.0001639647447768101,1.0022232620059621
0.00326496,0.5661773569113044,7.779793157704346,0.009995738594987329,1.0032347780651736
0.00327008,0.5683097583749566,7.785036767860868,0.00016396474477681003,1.0025371849203621
0.0032752,0.5688341193906087,7.7815410277565205,0.0024723558559293746,1.004172261390723
0.0032803199999999998,0.5683097583749566,7.7885325079652175,0.00016396474477681003,1.003341354375383
0.0032854399999999997,0.568344715776,7.786784637913043,0.0,1.0001696705978
0.0032905599999999997,0.568274800973913,7.7885325079652175,0.00022654985165305113,0.998708537288069
0.0032956800000000005,0.5688865554921739,7.790280378017391,0.002717811474567486,1.0029332580361763
0.0033008000000000004,0.5701974580313044,7.783288897808695,0.008690131473170304,1.0004109494799422
0.0033059200000000004,0.568344715776,7.793776118121738,0.0,1.0012656469100294
0.0033110400000000003,0.568344715776,7.786784637913045,0.0,1.00416617665986
0.0033161600000000003,0.568344715776,7.792028248069565,0.0,0.9890442810194098
0.0033212800000000002,0.568344715776,7.786784637913043,0.0,1.001012366271645
0.0033264,0.568344715776,7.671425214469566,0.0,0.9889732339806342
0.00333152,0.568344715776,7.6696773444173925,0.0,0.9770984431342253
0.00333664,0.5665618883227826,7.681912434782608,0.008362201983616728,0.9827631547098286
0.00334176,0.5683097583749565,7.678416694678261,0.00016396474477681013,0.9857057332302483
0.00334688,0.5683097583749565,7.683660304834783,0.00016396474477681013,0.9806033903902455
0.003352,0.5683097583749565,7.6749209545739125,0.00016396474477681013,0.9843534879136476
0.00335712,0.568344715776,7.678416694678261,0.0,0.9860620943725691
0.00336224,0.568344715776,7.683660304834783,0.0,0.9855352540898067
0.00336736,0.568344715776,7.557813661078262,0.0,0.9410685590463796
0.0033724799999999997,0.5683097583749565,7.56655301133913,0.0001639647447768101,0.9475519363604982
0.0033775999999999997,0.5676980038566957,7.563057271234783,0.003033347778370783,0.9396195658222671
0.0033827199999999997,0.568344715776,7.563057271234783,0.0,0.942233282432794
0.0033878400000000005,0.568344715776,7.564805141286958,0.0,0.9558404411045416
0.0033929600000000004,0.568344715776,7.564805141286956,0.0,0.9559874546379251
0.0033980800000000004,0.5683097583749566,7.561309401182609,0.00016396474477681003,0.9462646260029691
0.0034032000000000003,0.5691312572994782,7.570048751443478,0.003689206757477957,0.9414028750050653
0.0034083200000000003,0.568344715776,7.570048751443479,0.0,0.9469101131111937
0.0034134400000000002,0.568344715776,7.573544491547826,0.0,0.9423856605433308
0.00341856,0.568344715776,7.580535971756522,0.0,0.9394602352433743
0.00342368,0.568344715776,7.580535971756522,0.0,0.9489115522869386
0.0034288,0.568344715776,7.580535971756522,0.0,0.9484671530111543
0.00343392,0.568344715776,7.582283841808696,0.0,0.9483447456291506
0.00343904,0.568344715776,7.585779581913044,0.0,0.9497193106506202
0.00344416,0.568344715776,7.578788101704348,0.0,0.9409257082524273
0.00344928,0.5683097583749565,7.57878810170435,0.0001639647447768101,0.9451727507785554
0.0034544,0.5667017179269566,7.58752745196522,0.007536705408913705,0.9415618768515921
0.0034595199999999998,0.568344715776,7.584031711860869,0.0,0.9446554466598547
0.0034646399999999997,0.568344715776,7.592771062121741,0.0,0.9491722984359223
0.0034697599999999997,0.5683097583749566,7.592771062121741,0.00016396474477681003,0.9413671770217923
0.0034748800000000005,0.5682398435728695,7.589275322017392,0.00027077886413618936,0.9429171700131543
0.0034800000000000005,0.5651810709815652,7.592771062121739,0.013402186134945563,0.9397983740915642
0.0034851200000000004,0.568344715776,7.598014672278262,0.0,0.9469488283458177
0.0034902400000000004,0.568344715776,7.599762542330436,0.0,0.938445087673595
0.0034953600000000003,0.568344715776,7.598014672278262,0.0,0.9497643446744194
0.0035004800000000003,0.568344715776,7.605006152486958,0.0,0.9461613072000488
0.0035056,0.5683097583749566,7.598014672278262,0.00016396474477681003,0.9371028874195243
0.00351072,0.5697604905182608,7.598014672278262,0.006640572163460328,0.9403215992173944
0.00351584,0.5683097583749565,7.605006152486958,0.00016396474477681013,0.9394537313804544
0.00352096,0.5667891114295652,7.611997632695653,0.007296431142567528,0.9359089299795637
0.00352608,0.568344715776,7.611997632695655,0.0,0.9418960177123935
0.0035312,0.5683097583749566,7.605006152486958,0.00016396474477681,0.9499412433850584
0.00353632,0.568344715776,7.610249762643479,0.0,0.9487634423234449
0.00354144,0.568344715776,7.61898911290435,0.0,0.945098405737315
0.00354656,0.568344715776,7.622484853008697,0.0,0.9461935955378743
0.0035516799999999998,0.568344715776,7.611997632695653,0.0,0.948660395667174
0.0035567999999999997,0.566666760525913,7.615493372800002,0.007870307749286341,0.9525106012191197
0.0035619199999999997,0.568274800973913,7.617241242852175,0.00022654985165305108,0.9454377594364762
0.0035670400000000005,0.5683447157759999,7.617241242852174,0.00041065647992527744,0.9406691717042104
0.0035721600000000004,0.5683097583749565,7.617241242852175,0.00016396474477681013,0.9455120777945418
0.0035772800000000004,0.5682398435728695,7.618989112904349,0.00027077886413618936,0.946287225487383
0.0035824000000000003,0.5682048861718261,7.6207369829565215,0.00030475155695471165,0.9482448752721119
0.0035875200000000003,0.5690962998984348,7.6207369829565215,0.014347681735907806,0.9493557435367053
0.0035926400000000002,0.568344715776,7.620736982956524,0.0,0.9428944897545782
0.00359776,0.568344715776,7.625980593113045,0.0,0.9483125305341236
0.00360288,0.568344715776,7.634719943373915,0.0,0.9412957769937831
0.003608,0.568344715776,7.631224203269565,0.0,0.9519010066921244
0.00361312,0.568344715776,7.634719943373912,0.0,0.9468778492064688
0.00361824,0.5683097583749566,7.634719943373915,0.00016396474477681003,0.9411464685223844
0.00362336,0.568344715776,7.634719943373915,0.0,0.950654936325118
0.00362848,0.568344715776,7.631224203269565,0.0,0.9397918725687461
0.0036336,0.5683097583749566,7.629476333217392,0.00016396474477681003,0.9531454480422422
0.00363872,0.569480831309913,7.6399635535304355,0.0055027102220392655,0.9515318518610107
0.0036438399999999998,0.5683097583749566,7.63297207332174,0.00016396474477681005,0.9429333698638568
0.0036489599999999997,0.5671037280389565,7.646955033739132,0.005820748439576351,0.9468100914278733
0.0036540799999999997,0.568344715776,7.643459293634783,0.0,0.9458803521541974
0.0036592000000000005,0.5683097583749565,7.6452071636869565,0.0001639647447768101,0.9385557660361011
0.0036643200000000004,0.5681874074713044,7.64695503373913,0.0007378413514956001,0.9446554466598546
0.0036694400000000004,0.5683097583749565,7.650450773843478,0.00016396474477681013,0.9434159977545199
0.0036745600000000003,0.568344715776,7.655694384000001,0.0,0.938913753705768
0.0036796800000000003,0.568344715776,7.646955033739131,0.0,0.9390601638726838
0.0036848000000000002,0.568344715776,7.650450773843478,0.0,0.943490475365938
0.00368992,0.568344715776,7.6521986438956535,0.0,0.9444290370077731
0.00369504,0.568344715776,7.653946513947826,0.0,0.9452891051916816
0.00370016,0.568344715776,7.650450773843478,0.0,0.9457963723793542
0.00370528,0.568344715776,7.66443373426087,0.0,0.9393594203077646
0.0037104,0.568344715776,7.659190124104349,0.0,0.9431633777150952
0.00371552,0.568344715776,7.666181604313044,0.0,0.9502370730677158
0.00372064,0.5683097583749566,7.657442254052176,0.00016396474477681003,0.9329435486805757
0.00372576,0.5683097583749566,7.66443373426087,0.00016396474477681003,0.9428685687910258
0.00373088,0.5683097583749565,7.660937994156524,0.00016396474477681013,0.9438627752706847
0.0037359999999999997,0.5682398435728695,7.6696773444173925,0.0002707788641361894,0.9481933251657098
0.0037411199999999997,0.5699702349245217,7.671425214469565,0.007797498862025861,0.9424796687894168
0.0037462400000000005,0.568274800973913,7.662685864208696,0.0002265498516530511,0.9388877228414201
0.0037513600000000005,0.5664744948201739,7.666181604313044,0.00877211384555873,0.9380315559457488
0.0037564800000000004,0.568344715776,7.67317308452174,0.0,0.9383018374720387
0.0037616000000000004,0.568344715776,7.6696773444173925,0.0,0.9490821720661765
0.0037667200000000003,0.5683097583749565,7.678416694678263,0.0001639647447768101,0.9417403163342929
0.0037718400000000003,0.568816640690087,7.681912434782609,0.0023905597681081222,0.9391837813501982
0.00377696,0.5683097583749566,7.678416694678261,0.00016396474477681005,0.9417403163342927
0.00378208,0.568344715776,7.676668824626088,0.0,0.9420419643822673
0.0037872,0.5683097583749566,7.557813661078262,0.00016396474477681003,0.9054506736806985
0.00379232,0.568274800973913,7.570048751443481,0.00022654985165305113,0.9115975999543561
0.00379744,0.5704771172396521,7.564805141286958,0.010174585631260495,0.9024495299834657
0.00380256,0.5683097583749566,7.554317920973912,0.00016396474477681003,0.9146422113218063
0.00380768,0.5669988558358261,7.557813661078263,0.006312642673906757,0.9013283038123294
0.0038128,0.568344715776,7.56655301133913,0.0,0.8973538292725342
0.00381792,0.568344715776,7.5735444915478265,0.0,0.9070519388117492
0.0038230399999999998,0.568344715776,7.568300881391304,0.0,0.9003007003903324
0.0038281599999999997,0.568344715776,7.577040231652176,0.0,0.9062769426788265
0.0038332799999999997,0.568344715776,7.570048751443477,0.0,0.9103634810608054
0.0038384000000000005,0.5699702349245217,7.578788101704348,0.007624360632121122,0.9028150668363616
0.0038435200000000004,0.5683097583749566,7.577040231652174,0.00016396474477681003,0.9082131930380999
0.0038486400000000004,0.5686418536848695,7.578788101704349,0.0013937003306027733,0.9011791535970599
0.0038537600000000003,0.5683097583749566,7.570048751443478,0.00016396474477681,0.903701217748239
0.0038588800000000003,0.569078821197913,7.573544491547828,0.003618386529514758,0.9043365466761265
0.0038640000000000002,0.5664919735206957,7.573544491547828,0.008690131473170324,0.907748869614244
0.00386912,0.568344715776,7.584031711860869,0.0,0.910027833478345
0.00387424,0.5683097583749566,7.584031711860871,0.00016396474477681005,0.9073987877137186
0.00387936,0.568274800973913,7.575292361600001,0.00032792948955359755,0.9019653041817418
0.00388448,0.568344715776,7.5805359717565235,0.0,0.9001174399786063
0.0038896,0.568344715776,7.5857795819130445,0.0,0.9045493496314791
0.00389472,0.5683097583749566,7.5368392204521735,0.00016396474477681003,0.8380376182895629
0.00389984,0.5683097583749566,7.475663768626087,0.00016396474477681003,0.8536050481626102
0.00390496,0.5684845453801739,7.465176548313044,0.0006558589791071951,0.8531396517110654
0.00391008,0.568344715776,7.463428678260869,0.0,0.8562422739122141
0.0039152,0.568344715776,7.475663768626087,0.0,0.8498100335031837
0.00392032,0.5683097583749566,7.473915898573912,0.00016396474477681003,0.8506364769474409
0.00392544,0.568274800973913,7.477411638678261,0.0002265498516530511,0.8576255302966006
0.0039305600000000005,0.5663871013175651,7.477411638678262,0.009012096636037931,0.8543420033763052
0.00393568,0.5679951417655652,7.48090737878261,0.0016396474477679878,0.8555569487428368
0.0039408,0.568344715776,7.479159508730435,0.0,0.8603995744876984
0.00394592,0.5683097583749566,7.479159508730436,0.00016396474477681005,0.8520288343100368
0.00395104,0.5660899634086957,7.487898858991305,0.010575726038103507,0.8549032368314524
0.00395616,0.568344715776,7.4844031188869575,0.0,0.8564277884358756
0.00396128,0.568344715776,7.48615098893913,0.0,0.8514692942104859
0.0039664,0.568344715776,7.486150988939131,0.0,0.8532828776550135
0.00397152,0.5683097583749565,7.486150988939131,0.0001639647447768101,0.8465034091827821
0.00397664,0.5683097583749565,7.491394599095653,0.0001639647447768101,0.8517957372705109
0.00398176,0.568344715776,7.496638209252174,0.0,0.8541488824340611
0.00398688,0.568344715776,7.4948903392,0.0,0.853698097007423
0.003992,0.568344715776,7.498386079304348,0.0,0.8527850640561543
0.00399712,0.5683097583749566,7.500133949356521,0.00016396474477681003,0.8528996943716732
0.00400224,0.5683097583749566,7.496638209252174,0.00016396474477681003,0.8498603617270442
0.00400736,0.568344715776,7.4948903392,0.0,0.8614818675441621
0.00401248,0.5683097583749565,7.501881819408696,0.0001639647447768101,0.853669467673869
0.0040176000000000005,0.5683097583749565,7.503629689460871,0.0001639647447768101,0.8567345127616153
0.0040227200000000005,0.568344715776,7.505377559513045,0.0,0.8518208430933603
0.00402784,0.568344715776,7.514116909773914,0.0,0.8518746387936794
0.00403296,0.5683097583749565,7.507125429565217,0.0001639647447768101,0.8528280522300625
0.00403808,0.5683097583749565,7.508873299617393,0.0001639647447768101,0.8611236195019163
0.0040432,0.5683971518775652,7.500133949356524,0.0002459471171651925,0.8525700906734559
0.00404832,0.568344715776,7.508873299617393,0.0,0.855064031999727
0.00405344,0.568344715776,7.501881819408696,0.0,0.8486336609670094
0.00405856,0.568274800973913,7.515864779826088,0.00022654985165305113,0.8508016693023872
0.00406368,0.5682223648723478,7.508873299617392,0.006709590274633851,0.858262930584812
0.0040688,0.568344715776,7.517612649878262,0.0,0.8491447018303455
0.00407392,0.568344715776,7.515864779826088,0.0,0.8512970540359291
0.00407904,0.568344715776,7.522856260034783,0.0,0.8584942716637879
0.00408416,0.568344715776,7.515864779826088,0.0,0.8498927140114625
0.00408928,0.568344715776,7.519360519930435,0.0,0.8565526313575338
0.0040944,0.5683097583749566,7.524604130086957,0.00016396474477681003,0.8573298151604927
0.00409952,0.568274800973913,7.529847740243478,0.00022654985165305113,0.8528996943716732
0.00410464,0.5703372876354783,7.524604130086957,0.007941256722043325,0.8578214299524389
0.0041097600000000005,0.568344715776,7.52984774024348,0.0,0.8579923603731553
0.0041148800000000004,0.568344715776,7.5315956102956525,0.0,0.8515482259807438
0.00412,0.5683097583749565,7.526352000139131,0.0001639647447768101,0.847001307838775
0.00412512,0.568344715776,7.535091350400001,0.0,0.8539449851690428
0.00413024,0.568344715776,7.5315956102956525,0.0,0.8532792972994143
0.00413536,0.5683097583749566,7.533343480347827,0.00016396474477681003,0.855217652469527
0.00414048,0.5683097583749566,7.536839220452174,0.00016396474477681003,0.8543133956210271
0.0041456,0.5685894175833043,7.536839220452176,0.0013293008529431122,0.8480394590577167
0.00415072,0.568274800973913,7.536839220452174,0.0002265498516530511,0.851347294353128
0.00415584,0.5686942897864348,7.545578570713045,0.0016396474477679878,0.854538655768222
0.00416096,0.568344715776,7.543830700660871,0.0,0.8470013078387751
0.00416608,0.5683097583749565,7.547326440765219,0.0001639647447768101,0.8507657606493945
0.0041712,0.5670512919373912,7.542082830608697,0.005728322444216261,0.8549032368314523
0.00417632,0.5714034883673044,7.554317920973915,0.009915985841822988,0.8522045114690547
0.00418144,0.568344715776,7.55257005092174,0.0,0.8588536164695546
0.00418656,0.568344715776,7.55257005092174,0.0,0.8572977435338184
0.00419168,0.568344715776,7.549074310817394,0.0,0.8575257823717287
0.0041968,0.5683097583749566,7.552570050921742,0.00016396474477681003,0.8529426767682318
0.0042019200000000005,0.5683097583749566,7.559561531130436,0.00016396474477681003,0.8483924291646434
0.00420704,0.568344715776,7.55257005092174,0.0,0.856477727788239
0.00421216,0.568344715776,7.559561531130436,0.0,0.852935513185891
0.00421728,0.568344715776,7.55257005092174,0.0,0.8549997175612023
0.0042224,0.568344715776,7.563057271234784,0.0,0.855706910524026
0.00422752,0.5683097583749566,7.564805141286958,0.00016396474477681003,0.8470229489672796
0.00423264,0.5689040341926956,7.566553011339131,0.0027996491851303906,0.8503958132841257
0.00423776,0.5684845453801739,7.566553011339131,0.0006558589791071951,0.8494864237250709
0.00424288,0.568344715776,7.564805141286958,0.0,0.8510781151836172
0.004248,0.568344715776,7.56130940118261,0.0,0.8608787900760592
0.00425312,0.568344715776,7.5683008813913055,0.0,0.8506185193236515
0.00425824,0.5682398435728695,7.570048751443478,0.0002707788641361894,0.8575827826065905
0.00426336,0.5699352775234783,7.577040231652174,0.007979213442431105,0.8539843375549585
0.00426848,0.5664919735206956,7.5683008813913055,0.00852028834310039,0.85432769961841
0.0042736,0.5690438637968696,7.578788101704348,0.0032792948955359534,0.8537732444404108
0.00427872,0.568344715776,7.5735444915478265,0.0,0.8499430373395088
0.00428384,0.568344715776,7.575292361600001,0.0,0.8556712077218607
0.0042889600000000005,0.5683097583749566,7.578788101704348,0.00016396474477681003,0.8501443008633708
0.0042940800000000005,0.568274800973913,7.5735444915478265,0.0002265498516530511,0.8484536437274228
0.0042992,0.5692885656041738,7.584031711860869,0.005444888748716486,0.8518818112970478
0.00430432,0.568344715776,7.580535971756522,0.0,0.8498459825386407
0.00430944,0.568344715776,7.589275322017391,0.0,0.858508506001712
0.00431456,0.568344715776,7.580535971756522,0.0,0.8542990913841448
0.00431968,0.5683097583749566,7.592771062121739,0.00016396474477681005,0.856067425359632
0.0043248,0.5679252269634782,7.5910231920695646,0.0019675769373215853,0.8506257024186598
0.00432992,0.5683097583749565,7.592771062121739,0.0001639647447768101,0.852860291938527
0.00433504,0.5683097583749565,7.592771062121739,0.0001639647447768101,0.8586081397596761
0.00434016,0.5690263850963478,7.585779581913044,0.00319731252314757,0.8574117705339779
0.00434528,0.568344715776,7.5962668022260855,0.0,0.8479890227631278
0.0043504,0.568344715776,7.598014672278261,0.0,0.8546709237369592
0.00435552,0.568344715776,7.59801467227826,0.0,0.8510458079619165
0.00436064,0.568344715776,7.601510412382607,0.0,0.8565419312486688
0.00436576,0.568344715776,7.473915898573912,0.0,0.7977796675270089
0.00437088,0.5668590262316522,7.4826552488347815,0.006629521571848038,0.7949177716835432
0.004376,0.5662997078149565,7.484403118886955,0.009421943734340684,0.800535932744256
0.0043811200000000005,0.568344715776,7.486150988939129,0.0,0.7981395537540604
0.0043862400000000005,0.5683097583749565,7.491394599095651,0.0001639647447768101,0.7954018709228624
0.00439136,0.5701100645286956,7.489646729043477,0.008280219611228322,0.8023846819589864
0.00439648,0.5683097583749566,7.489646729043477,0.00016396474477681,0.7968485701536595
0.0044016,0.568274800973913,7.486150988939129,0.00022654985165305113,0.8054135131067556
0.00440672,0.5683097583749566,7.486150988939129,0.00016396474477681003,0.8015656594834454
0.00441184,0.5679776630650435,7.491394599095651,0.0017216298201563928,0.8050606733949803
0.00441696,0.5695507461120001,7.49139459909565,0.005244251003047071,0.7987517531604561
0.00442208,0.568274800973913,7.489646729043477,0.0002265498516530511,0.8010700303569694
0.0044272,0.5669638984347827,7.496638209252173,0.007569185517984512,0.7985375367560011
0.00443232,0.568344715776,7.496638209252173,0.0,0.8016990457419044
0.00443744,0.5683097583749566,7.496638209252173,0.00016396474477681003,0.8024874768663152
0.00444256,0.5685544601822609,7.494890339199998,0.0011667605388056366,0.7988473669374311
0.00444768,0.568344715776,7.508873299617389,0.0,0.7981089314568669
0.0044528,0.568344715776,7.505377559513041,0.0,0.7820658948583444
0.00445792,0.5683097583749565,7.494890339199999,0.0001639647447768101,0.7936407945189834
0.00446304,0.5683097583749565,7.505377559513041,0.0001639647447768101,0.7929514505473956
0.00446816,0.568344715776,7.510621169669563,0.0,0.7930862855992208
0.0044732800000000005,0.5683097583749565,7.510621169669564,0.00016396474477681013,0.7991761909707922
0.0044784000000000004,0.5682398435728695,7.503629689460868,0.0002707788641361894,0.798491625763902
0.00448352,0.568274800973913,7.508873299617389,0.00022654985165305108,0.7992526422873777
0.00448864,0.568344715776,7.514116909773912,0.0,0.8032218869770108
0.00449376,0.5682398435728695,7.510621169669563,0.00027077886413618936,0.7974157876997673
0.00449888,0.5709140847526957,7.517612649878259,0.008526059233346487,0.7896311274310595
0.004504,0.5683097583749565,7.517612649878259,0.00016396474477681013,0.7968063959721378
0.00450912,0.5683097583749565,7.521108389982608,0.00016396474477681013,0.7963461689048791
0.00451424,0.568344715776,7.517612649878259,0.0,0.8016418829202363
0.00451936,0.568344715776,7.522856260034782,0.0,0.7978294486995363
0.00452448,0.568344715776,7.5246041300869555,0.0,0.8027272804582483
0.0045296,0.568344715776,7.521108389982607,0.0,0.7966990334359814
0.00453472,0.568344715776,7.531595610295651,0.0,0.7959317370165061
0.00453984,0.568344715776,7.535091350399998,0.0,0.7977911557656054
0.00454496,0.5683097583749566,7.526352000139128,0.00016396474477681005,0.792839712704592
0.00455008,0.5683097583749566,7.531595610295651,0.00016396474477681005,0.7954018709228623
0.0045552,0.568344715776,7.52635200013913,0.0,0.7939910136605032
0.0045603200000000005,0.5683097583749566,7.528099870191302,0.00016396474477681003,0.7944064580005622
0.0045654400000000005,0.5683097583749566,7.536839220452173,0.00016396474477681003,0.7993290862918269
0.00457056,0.5666318031248696,7.54033496055652,0.007864560674111794,0.8001045796507836
0.00457568,0.5683097583749566,7.538587090504346,0.00016396474477681003,0.7951368054657816
0.0045808,0.568344715776,7.536839220452173,0.0,0.8035375149750703
0.00458592,0.568344715776,7.540334960556521,0.0,0.8046583233315184
0.00459104,0.568344715776,7.54907431081739,0.0,0.7965226207105816
0.00459616,0.568344715776,7.543830700660868,0.0,0.7998983641741458
0.00460128,0.568344715776,7.542082830608694,0.0,0.7952904773627503
0.0046064,0.568344715776,7.543830700660869,0.0,0.7931941371378439
0.00461152,0.568344715776,7.550822180869562,0.0,0.8058306509640902
0.00461664,0.568344715776,7.545578570713042,0.0,0.8000091161306804
0.00462176,0.568344715776,7.550822180869564,0.0,0.7990003251816671
0.00462688,0.5683097583749566,7.55781366107826,0.00016396474477681,0.7983921428907454
0.004632,0.5683097583749566,7.550822180869564,0.00016396474477681,0.7946794558645253
0.00463712,0.568344715776,7.552570050921739,0.0,0.7936253967250348
0.00464224,0.568344715776,7.559561531130434,0.0,0.8037351946649574
0.00464736,0.5683097583749566,7.5560657910260876,0.00016396474477681,0.7907021025345329
0.0046524800000000005,0.568274800973913,7.564805141286956,0.00022654985165305113,0.801939085098183
0.0046576000000000005,0.5677504399582609,7.563057271234782,0.0026211058369954026,0.8035337129659667
0.00466272,0.5703897237370434,7.570048751443478,0.009764729119067313,0.7969367453211195
0.00466784,0.5683097583749565,7.564805141286955,0.00016396474477681013,0.7925082595719635
0.00467296,0.5700576284271304,7.568300881391304,0.008034272494063105,0.8011005394653187
0.00467808,0.5665793670233044,7.559561531130434,0.008280219611228323,0.7924658544038087
0.0046832,0.568274800973913,7.568300881391303,0.0002265498516530511,0.7943180019525632
0.00468832,0.5663521439165217,7.5717966214956505,0.009345990452277516,0.7936330956593519
0.00469344,0.568344715776,7.571796621495651,0.0,0.7889266628212194
0.00469856,0.568344715776,7.573544491547826,0.0,0.7974809152345254
0.00470368,0.5683097583749565,7.571796621495651,0.0001639647447768101,0.7983997958595391
0.0047088,0.5662472717133913,7.571796621495653,0.009667854629220337,0.8055841865191385
0.00471392,0.5700925858281739,7.580535971756522,0.008198237238839917,0.7957897060850219
0.00471904,0.5683097583749566,7.5735444915478265,0.00016396474477681005,0.8034500642138405
0.00472416,0.5687816832890434,7.582283841808694,0.002049559309709967,0.8009250962215196
0.00472928,0.568344715776,7.577040231652173,0.0,0.7914667489170774
0.0047344,0.568344715776,7.580535971756521,0.0,0.8000167536314913
0.00473952,0.5683097583749566,7.575292361599998,0.00016396474477681003,0.7941718355917984
0.0047446400000000005,0.5698129266198261,7.589275322017392,0.007232888177834688,0.7948447470097518
0.0047497600000000004,0.5671736428410434,7.578788101704348,0.00532392151384634,0.7953135255862952
0.00475488,0.568344715776,7.584031711860869,0.0,0.7997226571970436
0.00476,0.5683097583749566,7.585779581913044,0.00016396474477681003,0.7921535282642086
0.00476512,0.568274800973913,7.584031711860869,0.0002265498516530511,0.7972586935216567
0.00477024,0.5661598782107825,7.589275322017391,0.010077710049318098,0.8008335453581629
0.00477536,0.5683097583749565,7.589275322017392,0.00016396474477681013,0.7999556515832942
0.00478048,0.5683097583749565,7.589275322017392,0.00016396474477681013,0.8030240809266582
0.0047856,0.568344715776,7.596266802226087,0.0,0.8048822977141231
0.00479072,0.568344715776,7.6032582824347825,0.0,0.7999403753419991
0.00479584,0.568344715776,7.6032582824347825,0.0,0.7948293725393156
0.00480096,0.568344715776,7.605006152486956,0.0,0.8002725677876596
0.00480608,0.568344715776,7.605006152486956,0.0,0.7948985553145361
0.0048112,0.568344715776,7.594518932173912,0.0,0.7987479283713127
0.00481632,0.568344715776,7.6032582824347825,0.0,0.7935022036169367
0.00482144,0.568344715776,7.605006152486956,0.0,0.7940140996041977
0.00482656,0.568344715776,7.611997632695651,0.0,0.7923039228853652
0.0048316800000000005,0.568344715776,7.599762542330435,0.0,0.7983844898485938
0.0048368000000000005,0.5683097583749565,7.610249762643478,0.0001639647447768101,0.7957014038091164
0.00484192,0.5683097583749565,7.613745502747827,0.0001639647447768101,0.8068536204799628
0.00484704,0.5683097583749566,7.613745502747825,0.00016396474477681005,0.7948332161848048
0.00485216,0.5683097583749566,7.611997632695651,0.00016396474477681005,0.7923039228853651
0.00485728,0.5688865554921739,7.617241242852174,0.002541453544040375,0.7935060536910687
0.0048624,0.568344715776,7.620736982956522,0.0,0.7938447870931494
0.00486752,0.568344715776,7.617241242852175,0.0,0.7943910750475769
0.00487264,0.568344715776,7.62423272306087,0.0,0.7967297099225911
0.00487776,0.568344715776,7.618989112904347,0.0,0.7977834969582558
0.00488288,0.568344715776,7.620736982956522,0.0,0.8051820980555973
0.004888,0.568344715776,7.625980593113044,0.0,0.7974579296531351
0.00489312,0.568344715776,7.625980593113044,0.0,0.7966645209766027
0.00489824,0.568344715776,7.631224203269565,0.0,0.8047836048206767
0.00490336,0.568344715776,7.618989112904349,0.0,0.7999823843036312
0.00490848,0.5683097583749565,7.627728463165219,0.00016396474477681013,0.7964190559114036
0.0049136,0.5681174926692174,7.634719943373913,0.0009092284938555904,0.798923849720133
0.00491872,0.5675581742525218,7.631224203269565,0.00368920675747798,0.7916674426880101
0.0049238400000000005,0.5683097583749566,7.632972073321739,0.00016396474477681,0.8057510322332818
0.0049289600000000005,0.5677679186587826,7.632972073321739,0.0027054182888171826,0.7968945758061065
0.00493408,0.5683097583749566,7.629476333217392,0.00016396474477681,0.7941372133027762
0.0049392,0.5660550060076521,7.63821568347826,0.010569542331862573,0.8008526193177602
0.00494432,0.5695857035130435,7.645207163686956,0.005820748439576328,0.8015008638627127
0.00494944,0.5683097583749566,7.63821568347826,0.00016396474477681003,0.7912312548020426
0.00495456,0.5683097583749566,7.641711423582609,0.00016396474477681003,0.8007457992920334
0.00495968,0.568344715776,7.648702903791303,0.0,0.7948485905808951
0.0049648,0.568344715776,7.645207163686956,0.0,0.8027272804582484
0.00496992,0.5683097583749565,7.650450773843478,0.0001639647447768101,0.7989620883659146
0.00497504,0.5691836934010435,7.645207163686956,0.00410983684444904,0.7984265806726524
0.00498016,0.5683097583749565,7.648702903791304,0.00016396474477681013,0.7890815441307499
0.00498528,0.5686942897864348,7.6556943839999985,0.0016396474477679882,0.8071602585212853
0.0049904,0.568344715776,7.652198643895651,0.0,0.7988397182564155
0.00499552,0.5683097583749566,7.6574422540521745,0.00016396474477681003,0.7919992477041196
0.00500064,0.5702324154323478,7.64695503373913,0.008854096217947112,0.7878610296014257
0.00500576,0.568344715776,7.655694384000001,0.0,0.7932865696432623
0.00501088,0.5683097583749565,7.662685864208696,0.0001639647447768101,0.8009250962215195
0.0050160000000000005,0.5683097583749565,7.657442254052174,0.0001639647447768101,0.7956284510589507
0.0050211200000000004,0.568344715776,7.662685864208696,0.0,0.7996080448889584
0.00502624,0.568274800973913,7.662685864208696,0.0002265498516530511,0.7974081252871476
0.00503136,0.5682048861718261,7.65919012410435,0.0003047515569547116,0.7954018709228623
0.00503648,0.5707218190469565,7.659190124104347,0.008251464783530796,0.8005092185094722
0.0050416,0.568344715776,7.666181604313044,0.0,0.7981625197059569
0.00504672,0.568344715776,7.667929474365217,0.0,0.797565190032103
0.00505184,0.568344715776,7.6696773444173925,0.0,0.7996920955210145
0.00505696,0.568344715776,7.667929474365218,0.0,0.7918179296342552
0.00506208,0.5683097583749566,7.676668824626089,0.00016396474477681005,0.7978677397956331
0.0050672,0.568274800973913,7.66967734441739,0.00022654985165305108,0.8010967258903173
0.00507232,0.5682398435728695,7.674920954573912,0.00027077886413618936,0.7989238497201333
0.00507744,0.5692011721015653,7.680164564730435,0.004365828122891238,0.8007572449763742
0.00508256,0.5700401497266087,7.674920954573913,0.007374644675697492,0.7954863659769653
0.00508768,0.5683097583749565,7.683660304834784,0.00016396474477681013,0.8027463094210326
0.0050928,0.5683097583749565,7.678416694678261,0.00016396474477681013,0.7942449221345889
0.00509792,0.568344715776,7.683660304834783,0.0,0.7992373526090989
0.0051030400000000005,0.568344715776,7.688903914991304,0.0,0.7920146771125176
0.0051081600000000005,0.568344715776,7.683660304834783,0.0,0.7978294486995364
0.00511328,0.568344715776,7.688903914991306,0.0,0.8005740943904578
0.0051184,0.568344715776,7.69065178504348,0.0,0.7950830132848947
0.00512352,0.568344715776,7.688903914991304,0.0,0.7998716286457498
0.00512864,0.568344715776,7.688903914991306,0.0,0.8025902586077822
0.00513376,0.568344715776,7.5735444915478265,0.0,0.7519498667102308
0.00513888,0.568344715776,7.577040231652174,0.0,0.7525103293430975
0.005144,0.568344715776,7.575292361599999,0.0,0.7506893306951792
0.00514912,0.568344715776,7.584031711860869,0.0,0.7546994431327521
0.00515424,0.568344715776,7.584031711860869,0.0,0.7540474278553543
0.00515936,0.568344715776,7.5805359717565235,0.0,0.7490311480493165
0.00516448,0.568344715776,7.578788101704348,0.0,0.7543228819392257
0.0051696,0.568344715776,7.582283841808697,0.0,0.7547642089128918
0.00517472,0.568344715776,7.5805359717565235,0.0,0.7552902250015671
0.00517984,0.568344715776,7.584031711860869,0.0,0.7478719091579268
0.00518496,0.5683097583749566,7.594518932173912,0.00016396474477681,0.7536664873191922
0.00519008,0.5683097583749566,7.594518932173913,0.00016396474477681,0.7586843333104735
0.0051952000000000005,0.5683097583749566,7.589275322017392,0.00016396474477681,0.7514946912044114
0.0052003200000000005,0.568274800973913,7.585779581913044,0.00022654985165305113,0.7584386603707676
0.00520544,0.568274800973913,7.587527451965218,0.0002265498516530511,0.7530663180564785
0.00521056,0.5683097583749565,7.596266802226087,0.0001639647447768101,0.7538529290798202
0.00521568,0.5695857035130435,7.592771062121739,0.0061677279523833315,0.7531961249058413
0.0052208,0.5693060443046957,7.598014672278263,0.00947684117297272,0.7549665661655701
0.00522592,0.5683097583749566,7.59277106212174,0.00016396474477681003,0.7585876845983145
0.00523104,0.568274800973913,7.596266802226087,0.0002265498516530511,0.7592398246491558
0.00523616,0.5661074421092173,7.5962668022260855,0.009821350101532,0.7567369024845603
0.00524128,0.566474494820174,7.599762542330435,0.008602255709441113,0.7582090251883092
0.0052464,0.568274800973913,7.599762542330435,0.0002265498516530511,0.7454045898343148
0.00525152,0.5684845453801739,7.598014672278261,0.0006558589791071951,0.7550596322906683
0.00525664,0.568344715776,7.6085018925913035,0.0,0.7475613854060355
0.00526176,0.5683097583749565,7.6032582824347825,0.0001639647447768101,0.757995442339043
0.00526688,0.5683097583749565,7.60675402253913,0.0001639647447768101,0.7592478722605405
0.005272,0.568344715776,7.6085018925913035,0.0,0.7536462191312694
0.00527712,0.568344715776,7.611997632695651,0.0,0.7523641619510252
0.00528224,0.568344715776,7.6085018925913035,0.0,0.7621755664037502
0.0052873600000000005,0.568274800973913,7.613745502747827,0.0002265498516530511,0.755864378115013
0.0052924800000000004,0.5674707807499131,7.615493372800001,0.003931114791002494,0.7531190547873841
0.0052976,0.568344715776,7.613745502747825,0.0,0.7463220918747503
0.00530272,0.5683097583749566,7.617241242852173,0.00016396474477681005,0.7503596158943069
0.00530784,0.568274800973913,7.620736982956522,0.0002265498516530511,0.7527741708052714
0.00531296,0.5695507461120001,7.615493372799999,0.005830502572367816,0.7582332005878121
0.00531808,0.568344715776,7.508873299617391,0.0,0.6937348862343821
0.0053232,0.568344715776,7.501881819408696,0.0,0.695054762022535
0.00532832,0.568344715776,7.515864779826087,0.0,0.6882703026228538
0.00533344,0.5683097583749566,7.503629689460869,0.00016396474477681003,0.6929593890535304
0.00533856,0.5683097583749566,7.500133949356521,0.00016396474477681003,0.7065503905806856
0.00534368,0.5677329612577391,7.507125429565217,0.002869383033593971,0.696143969930767
0.0053488,0.568344715776,7.512369039721739,0.0,0.6934529876023048
0.00535392,0.568344715776,7.510621169669565,0.0,0.6949624523109091
0.00535904,0.568344715776,7.51236903972174,0.0,0.6910168385245543
0.00536416,0.568344715776,7.519360519930435,0.0,0.6936468052185201
0.00536928,0.568344715776,7.515864779826086,0.0,0.6930519655593308
0.0053744000000000005,0.568344715776,7.52110838998261,0.0,0.6967668627247181
0.0053795200000000005,0.5687816832890434,7.512369039721738,0.0022270086920103396,0.6885720704722038
0.00538464,0.5682748009739129,7.514116909773912,0.00022654985165305105,0.6980022270973953
0.00538976,0.5661074421092174,7.514116909773914,0.01032362545267597,0.6963896843287735
0.00539488,0.568344715776,7.52110838998261,0.0,0.6980766295496359
0.0054,0.568344715776,7.512369039721739,0.0,0.6997071157376973
0.00540512,0.568344715776,7.526352000139131,0.0,0.697305960982832
0.00541024,0.568344715776,7.5246041300869555,0.0,0.6991436511807795
0.00541536,0.5671561641405217,7.528099870191306,0.0055748013224111576,0.6964686455465336
0.00542048,0.5683097583749566,7.533343480347826,0.00016396474477681005,0.6958454858006523
0.0054256,0.5668415475311304,7.528099870191305,0.006881016100067567,0.6997900683085608
0.00543072,0.5683097583749566,7.528099870191305,0.00016396474477681003,0.6996896507854128
0.00543584,0.5663521439165217,7.536839220452174,0.00917603478106475,0.6984660189110223
0.00544096,0.5694283952083478,7.533343480347826,0.005082907088080752,0.7013773705352495
0.00544608,0.568344715776,7.5350913504,0.0,0.704328739593758
0.0054512,0.568344715776,7.538587090504349,0.0,0.6979059297966133
0.00545632,0.5683097583749566,7.538587090504348,0.00016396474477681003,0.6905170742913685
0.00546144,0.568274800973913,7.543830700660869,0.0002265498516530511,0.6933648707756912
0.0054665600000000005,0.5668065901300869,7.540334960556522,0.006705627769891909,0.6875997269177253
0.0054716800000000005,0.569550746112,7.54383070066087,0.006349701817039193,0.6941751236701647
0.0054768,0.5639400832445217,7.54383070066087,0.014157466897475454,0.7019259850071095
0.00548192,0.568274800973913,7.538587090504348,0.0002265498516530511,0.6994145202607555
0.00548704,0.5688515980911305,7.550822180869565,0.0025541638887440774,0.6973848184554099
0.00549216,0.568344715776,7.5560657910260876,0.0,0.6943687397181598
0.00549728,0.568344715776,7.550822180869565,0.0,0.6993970480019406
0.0055024,0.568344715776,7.554317920973914,0.0,0.6995106098832466
0.00550752,0.568344715776,7.554317920973912,0.0,0.699410152236972
0.00551264,0.568344715776,7.550822180869565,0.0,0.6951646385541825
0.00551776,0.568344715776,7.5560657910260876,0.0,0.6945710987882809
0.00552288,0.568344715776,7.557813661078262,0.0,0.693351652285819
0.005528,0.568344715776,7.556065791026088,0.0,0.6905126499843959
0.00553312,0.5683097583749565,7.563057271234784,0.0001639647447768101,0.686692743642935
0.00553824,0.5674008659478261,7.570048751443479,0.004427048108973555,0.6916752676949043
0.00554336,0.568344715776,7.570048751443477,0.0,0.702861124125879
0.00554848,0.568344715776,7.570048751443479,0.0,0.6950195978637541
0.0055536,0.568344715776,7.5735444915478265,0.0,0.6904728299459187
0.0055587200000000005,0.568344715776,7.5735444915478265,0.0,0.6999734022659149
0.0055638400000000005,0.568344715776,7.573544491547826,0.0,0.6970561867985909
0.00556896,0.5683097583749565,7.5735444915478265,0.00016396474477681013,0.6931136763603734
0.00557408,0.5683097583749565,7.577040231652174,0.00016396474477681013,0.6937216747949535
0.0055792,0.5674008659478261,7.577040231652174,0.004427048108973555,0.6945315114355957
0.00558432,0.568344715776,7.575292361600001,0.0,0.690932832651002
0.00558944,0.568344715776,7.575292361600001,0.0,0.6907294076995442
0.00559456,0.568344715776,7.582283841808696,0.0,0.7008937115292584
0.00559968,0.568344715776,7.582283841808697,0.0,0.7030958008530396
0.0056048,0.568344715776,7.582283841808697,0.0,0.6853835093850167
0.00560992,0.568344715776,7.580535971756522,0.0,0.6875997269177253
0.00561504,0.568344715776,7.58752745196522,0.0,0.6975556457302811
0.00562016,0.568344715776,7.580535971756522,0.0,0.6978446427774132
0.00562528,0.5683097583749566,7.591023192069565,0.00016396474477681005,0.692430143007086
0.0056304,0.568274800973913,7.585779581913042,0.0002265498516530511,0.7044501800709626
0.00563552,0.5672610363436522,7.585779581913044,0.01202321174218053,0.6905480436464805
0.00564064,0.568344715776,7.585779581913045,0.0,0.6984397747671457
0.0056457600000000005,0.568344715776,7.594518932173915,0.0,0.6924433790882322
0.0056508800000000005,0.5683097583749566,7.599762542330436,0.00016396474477681003,0.7025046132613871
0.0056560000000000004,0.5683097583749566,7.591023192069567,0.00016396474477681003,0.6969816754145953
0.00566112,0.5683097583749565,7.596266802226087,0.00016396474477681013,0.7002134098607665
0.00566624,0.569480831309913,7.59277106212174,0.0055027102220392655,0.6949712442402708
0.00567136,0.5683097583749565,7.59277106212174,0.00016396474477681013,0.6883679478739576
0.00567648,0.568344715776,7.601510412382608,0.0,0.691401366628405
0.0056816,0.568344715776,7.60151041238261,0.0,0.6925183787695349
0.00568672,0.568344715776,7.6085018925913035,0.0,0.6988857911844507
0.00569184,0.5683097583749566,7.608501892591305,0.00016396474477681005,0.697376056954358
0.00569696,0.5690438637968696,7.60151041238261,0.0032792948955359534,0.6956566723846525
0.00570208,0.568344715776,7.603258282434783,0.0,0.6976563704125956
0.0057072,0.568344715776,7.618989112904347,0.0,0.6947777960942424
0.00571232,0.568344715776,7.617241242852174,0.0,0.6938229560683346
0.00571744,0.568344715776,7.613745502747826,0.0,0.6951382697705082
0.00572256,0.5683097583749565,7.611997632695653,0.0001639647447768101,0.689294887869383
0.00572768,0.5674183446483478,7.608501892591305,0.004345065736585173,0.6942455357533858
0.0057328,0.568274800973913,7.622484853008697,0.00022654985165305113,0.6935366882176422
0.0057379200000000005,0.5682398435728695,7.611997632695653,0.00027077886413618936,0.6969992082215664
0.0057430400000000005,0.5682398435728695,7.6207369829565215,0.00027077886413618936,0.6953228302565334
0.00574816,0.5674358233488696,7.613745502747826,0.00409494284443868,0.6896582273828308
0.00575328,0.5683097583749565,7.618989112904347,0.0001639647447768101,0.6958893885550574
0.0057584,0.5683097583749565,7.622484853008695,0.0001639647447768101,0.6975775436375388
0.00576352,0.568344715776,7.624232723060869,0.0,0.6973059609828319
0.00576864,0.568344715776,7.629476333217392,0.0,0.6915029877467724
0.00577376,0.5682748009739129,7.622484853008695,0.00022654985165305105,0.6977789721405745
0.00577888,0.5682748009739129,7.627728463165217,0.00022654985165305105,0.6997682396380298
0.005784,0.568344715776,7.63821568347826,0.0,0.69416192060943
0.00578912,0.568344715776,7.632972073321739,0.0,0.6938581808719352
0.00579424,0.568344715776,7.62947633321739,0.0,0.6929241185598418
0.00579936,0.5683097583749565,7.632972073321739,0.0001639647447768101,0.7015123869052751
0.00580448,0.5683097583749565,7.643459293634782,0.0001639647447768101,0.6908753490626481
0.0058096,0.5702149367318261,7.632972073321739,0.008772113845558706,0.6990038067166423
0.00581472,0.568344715776,7.639963553530435,0.0,0.6988945337591306
0.00581984,0.568344715776,7.636467813426087,0.0,0.6923418959993985
0.0058249600000000006,0.568344715776,7.636467813426087,0.0,0.6940650904897351
0.0058300800000000005,0.5683097583749566,7.636467813426087,0.00016396474477681005,0.6944699266238047
0.0058352000000000005,0.5665793670233044,7.639963553530435,0.008110456061519857,0.692227158070701
0.00584032,0.5683621944765217,7.645207163686956,8.198237238838237e-05,0.6911582990216529
0.00584544,0.5683097583749566,7.650450773843477,0.00016396474477681003,0.698045994206191
0.00585056,0.5683097583749566,7.641711423582608,0.00016396474477681003,0.6909947327058847
0.00585568,0.568344715776,7.657442254052172,0.0,0.6900656488662342
0.0058608,0.568344715776,7.652198643895651,0.0,0.7008196081523428
0.00586592,0.5683097583749566,7.6556943839999985,0.00016396474477681003,0.7002264988181736
0.00587104,0.5683097583749566,7.650450773843477,0.00016396474477681003,0.6927918382160521
0.00587616,0.5683971518775651,7.659190124104346,0.0004483550730492947,0.7000170461310967
0.00588128,0.568274800973913,7.652198643895651,0.0002265498516530511,0.697100013304101
0.0058864,0.5698828414219131,7.657442254052172,0.007387682466451059,0.6971569836423351
0.00589152,0.5700401497266087,7.664433734260869,0.007952290121674725,0.6984135296370982
0.00589664,0.5683097583749566,7.660937994156521,0.00016396474477681005,0.6939066120572245
0.00590176,0.5662297930128696,7.667929474365215,0.009919867058996305,0.6925007325164578
0.00590688,0.568344715776,7.667929474365215,0.0,0.6963458131166894
0.005912,0.568344715776,7.657442254052172,0.0,0.704476200306755
0.0059171200000000005,0.568344715776,7.662685864208694,0.0,0.6969729088457163
0.0059222400000000005,0.568274800973913,7.667929474365216,0.0002265498516530511,0.7026741958629444
0.0059273600000000004,0.5661074421092174,7.660937994156521,0.010153425124920994,0.7131823873768618
0.00593248,0.5683097583749566,7.673173084521737,0.00016396474477681005,0.6948701303364412
0.0059376,0.568344715776,7.673173084521737,0.0,0.6957796264749115
0.00594272,0.5683097583749565,7.674920954573912,0.0001639647447768101,0.7002134098607663
0.00594784,0.5686768110859131,7.676668824626084,0.0015576650753795827,0.6887805680389008
0.00595296,0.568344715776,7.676668824626085,0.0,0.706904861055349
0.00595808,0.568344715776,7.676668824626085,0.0,0.6949756401632423
0.0059632,0.568344715776,7.683660304834781,0.0,0.6994669344185226
0.00596832,0.5683097583749565,7.6801645647304335,0.0001639647447768101,0.696174688973277
0.00597344,0.568274800973913,7.685408174886955,0.0002265498516530511,0.7038514491563461
0.00597856,0.5677679186587826,7.688903914991303,0.0025392888645299778,0.7019956196581413
0.00598368,0.5683097583749566,7.685408174886956,0.00016396474477681,0.695920118835202
0.0059888,0.568344715776,7.687156044939129,0.0,0.6967010904969702
0.00599392,0.5691137785989565,7.685408174886956,0.003956523064715232,0.6967274001331505
0.00599904,0.5682398435728695,7.688903914991303,0.006051922757656236,0.6952569214214104
0.00600416,0.5671386854399999,7.697643265252173,0.005487810959096704,0.6955424812675961
0.0060092800000000005,0.5683097583749566,7.702886875408694,0.00016396474477681003,0.6937392899916145
0.0060144000000000005,0.568344715776,7.695895395199999,0.0,0.6948877164200968
0.00601952,0.5683097583749566,7.699391135304344,0.00016396474477681,0.6966967054610125
0.00602464,0.570354766336,7.702886875408694,0.009427972824665908,0.6992878364935743
0.00602976,0.568344715776,7.709878355617392,0.0,0.69079132598282
0.00603488,0.568344715776,7.706382615513042,0.0,0.6910566272161907
0.00604,0.568344715776,7.699391135304346,0.0,0.69427193844353
0.00604512,0.568344715776,7.702886875408694,0.0,0.6933340272406372
0.00605024,0.568344715776,7.711626225669563,0.0,0.6928359344701759
0.00605536,0.5682398435728695,7.706382615513042,0.0002707788641361894,0.6905480436464805
0.00606048,0.5693584804062608,7.711626225669563,0.005102822725455215,0.6962756134277043
0.0060656,0.568344715776,7.7098783556173895,0.0,0.6969685255199265
0.00607072,0.568344715776,7.708130485565218,0.0,0.694931679682199
0.00607584,0.568344715776,7.720365575930435,0.0,0.6938493748386848
0.00608096,0.5683097583749566,7.723861316034783,0.00016396474477681005,0.6933119953040823
0.00608608,0.5670338132368695,7.7151219657739105,0.006148677929129949,0.6949756401632423
0.0060912,0.5683097583749566,7.71861770587826,0.00016396474477681003,0.6970912482234306
0.0060963200000000006,0.5672785150441739,7.713374095721737,0.004832283831108642,0.6904064581114134
0.0061014400000000005,0.5683097583749566,7.716869835826087,0.00016396474477681003,0.6949756401632422
0.0061065600000000005,0.5671037280389565,7.727357056139131,0.005820748439576352,0.6913350839383513
0.00611168,0.568344715776,7.723861316034783,0.0,0.6948305600208121
0.0061168,0.5683097583749566,7.727357056139129,0.00016396474477681005,0.7039252333664026
0.00612192,0.5683097583749566,7.725609186086956,0.00016396474477681005,0.7033521173950162
0.00612704,0.568344715776,7.722113445982608,0.0,0.6895696256420062
0.00613216,0.568344715776,7.734348536347826,0.0,0.6926066032910431
0.00613728,0.568344715776,7.727357056139129,0.0,0.6980109807386992
0.0061424,0.568344715776,7.730852796243479,0.0,0.6961308042118616
0.00614752,0.568344715776,7.741340016556522,0.0,0.6881104895965227
0.00615264,0.568344715776,7.729104926191304,0.0,0.6996896507854128
0.00615776,0.5696556183151305,7.734348536347825,0.006148677929129927,0.6970561867985909
0.00616288,0.5683097583749566,7.741340016556522,0.00016396474477681005,0.6906586371500364
0.006168,0.568344715776,7.732600666295651,0.0,0.6953843395332511
0.00617312,0.568344715776,7.737844276452172,0.0,0.6989688412288838
0.00617824,0.568344715776,7.736096406399999,0.0,0.6959991333252477
0.00618336,0.5683097583749565,7.746583626713043,0.0001639647447768101,0.6943027403130474
0.0061884800000000005,0.5683097583749565,7.748331496765217,0.0001639647447768101,0.6942235327445422
0.0061936000000000005,0.568344715776,7.744835756660869,0.0,0.6864391076445621
0.0061987200000000004,0.5683097583749565,7.741340016556522,0.0001639647447768101,0.6957269345255396
0.00620384,0.568274800973913,7.743087886608695,0.00022654985165305108,0.6947514126282446
0.00620896,0.5683097583749566,7.748331496765217,0.00016396474477681005,0.6968501653013934
0.00621408,0.568344715776,7.755322976973914,0.0,0.6993096801596965
0.0062192,0.568344715776,7.748331496765218,0.0,0.6935146627193274
0.00622432,0.568344715776,7.7535751069217405,0.0,0.6947690017168983
0.00622944,0.568344715776,7.757070847026088,0.0,0.6929505715984113
0.00623456,0.568344715776,7.7535751069217405,0.0,0.6940606887996793
0.00623968,0.568344715776,7.758818717078261,0.0,0.6976957804603835
0.0062448,0.568344715776,7.757070847026088,0.0,0.6968940047632531
0.00624992,0.5683097583749566,7.758818717078261,0.00016396474477681003,0.693452987602305
0.00625504,0.5684495879791305,7.762314457182608,0.0004918942343303853,0.6987808717566543
0.00626016,0.568344715776,7.764062327234783,0.0,0.6934133364160336
0.00626528,0.568274800973913,7.767558067339131,0.00022654985165305113,0.6844914426413279
0.0062704,0.5701625006302609,7.7762974176,0.008699126597918466,0.6918475047428602
0.00627552,0.568344715776,7.772801677495652,0.0,0.6908222830433114
0.0062806400000000005,0.568274800973913,7.772801677495652,0.0002265498516530511,0.6873553149486873
0.0062857600000000005,0.5683097583749565,7.779793157704347,0.00016396474477681013,0.6959903543804462
0.00629088,0.5689564702942609,7.774549547547827,0.00322016300165101,0.694834956833833
0.006296,0.5681349713697391,7.767558067339129,0.0008287189975471877,0.6930607817244671
0.00630112,0.5683097583749565,7.778045287652174,0.00016396474477681013,0.6871063697999378
0.00630624,0.5683097583749565,7.778045287652174,0.00016396474477681013,0.6904728299459187
0.00631136,0.568344715776,7.7762974175999995,0.0,0.6924566149163751
0.00631648,0.5682748009739129,7.781541027756522,0.00022654985165305108,0.6976432332352699
0.0063216,0.5664919735206956,7.781541027756522,0.008520288343100388,0.698750267289337
0.00632672,0.568344715776,7.781541027756522,0.0,0.6994538312473025
0.00633184,0.568344715776,7.792028248069565,0.0,0.6907028695932366
0.00633696,0.568344715776,7.788532507965216,0.0,0.6949316796821995
0.00634208,0.5683097583749565,7.786784637913043,0.00016396474477681013,0.6902427136324729
0.0063472,0.5688865554921739,7.78503676786087,0.002541453544040375,0.6930607817244672
0.00635232,0.568344715776,7.795523988173913,0.0,0.6931533446884169
0.00635744,0.5683097583749566,7.790280378017391,0.00016396474477681003,0.6899770994434565
0.00636256,0.5681349713697391,7.793776118121738,0.0009837884686607929,0.6879595209835061
0.0063676800000000006,0.568344715776,7.793776118121738,0.0,0.6891840755247477
0.0063728000000000005,0.568344715776,7.79901972827826,0.0,0.6972928172037017
0.0063779200000000005,0.568344715776,7.800767598330434,0.0,0.6895829166288654
0.00638304,0.568344715776,7.8060112084869555,0.0,0.6936952511612603
0.00638816,0.568344715776,7.797271858226088,0.0,0.6927477391550195
0.00639328,0.568344715776,7.795523988173911,0.0,0.6937613083584747
0.0063984,0.568344715776,7.809506948591305,0.0,0.6965695274102294
0.00640352,0.568344715776,7.807759078539129,0.0,0.7029263199646694
0.00640864,0.5683097583749566,7.800767598330434,0.00016396474477681005,0.7061957421818378
0.00641376,0.5683097583749565,7.818246298852174,0.0001639647447768101,0.6904728299459187
0.00641888,0.5687991619895653,7.8060112084869555,0.002131541682098373,0.6959201188352022
0.006424,0.568344715776,7.811254818643479,0.0,0.6947162331149552
0.00642912,0.568344715776,7.813002688695654,0.0,0.6869462859932064
0.00643424,0.568344715776,7.807759078539129,0.0,0.6949844319257704
0.00643936,0.568344715776,7.8130026886956525,0.0,0.7006190538349844
0.00644448,0.568344715776,7.8164984288,0.0,0.6947865903602702
0.0064496,0.5683097583749565,7.818246298852174,0.0001639647447768101,0.6909814688752235
0.00645472,0.5683097583749565,7.819994168904348,0.0001639647447768101,0.6972008038116888
0.0064598400000000005,0.568344715776,7.823489909008697,0.0,0.698181654807619
0.0064649600000000005,0.5689914276953043,7.828733519165217,0.0030333477783707607,0.7048707227907492
0.0064700800000000004,0.5683097583749566,7.819994168904348,0.00016396474477681003,0.6980066039317698
0.0064752,0.5683097583749565,7.8252377790608705,0.00016396474477681013,0.6957927988387657
0.00648032,0.568274800973913,7.8252377790608705,0.0002265498516530511,0.6891973739468372
0.00648544,0.5703198089349566,7.821742038956522,0.009609502787610597,0.7019608031960967
0.00649056,0.567068770637913,7.832229259269567,0.0060709744541890005,0.6944567291678847
0.00649568,0.5683097583749566,7.828733519165218,0.00016396474477681,0.6917900971582497
0.0065008,0.5705295533412174,7.826985649113043,0.010247796548549902,0.7012510413648039
0.00650592,0.568344715776,7.833977129321738,0.0,0.6977964849146999
0.00651104,0.5683097583749565,7.828733519165218,0.0001639647447768101,0.6931092686282254
0.00651616,0.5682398435728695,7.839220739478262,0.0002707788641361894,0.7021131124712452
0.00652128,0.5719453280834782,7.847960089739131,0.012452712422656047,0.6945798956713597
0.0065264,0.568344715776,7.835724999373913,0.0,0.7024176319432475
0.00653152,0.568344715776,7.840968609530436,0.0,0.7031044910794227
0.00653664,0.5683097583749566,7.840968609530436,0.00016396474477681003,0.701804107742268
0.00654176,0.5683097583749566,7.837472869426086,0.00016396474477681003,0.6867372315276399
0.00654688,0.568344715776,7.8427164795826085,0.0,0.6959596272015705
0.0065520000000000005,0.5683097583749566,7.851455829843479,0.00016396474477681003,0.6998555502351029
0.0065571200000000005,0.5703897237370434,7.846212219686957,0.009764729119067313,0.6942015290383043
0.0065622400000000004,0.568274800973913,7.847960089739132,0.00022654985165305113,0.6942763387942694
0.00656736,0.5683621944765217,7.851455829843479,8.198237238838237e-05,0.7009590903560904
0.00657248,0.5669464197342609,7.856699440000001,0.006558589791071953,0.697411102298147
0.0065776,0.568274800973913,7.85669944,0.00022654985165305108,0.6905259228202724
0.00658272,0.5669813771353044,7.8549515699478265,0.006225362537152371,0.699672185397175
0.00658784,0.5683097583749565,7.853203699895651,0.0001639647447768101,0.7003181146703028
0.00659296,0.568606896283826,7.8479600897391295,0.001229735585825985,0.6961966303166309
0.00659808,0.568344715776,7.861943050156521,0.0,0.6971394548033594
0.0066032,0.568344715776,7.861943050156523,0.0,0.6985491188619061
0.00660832,0.568344715776,7.863690920208696,0.0,0.6882481085882924
0.00661344,0.5683097583749565,7.863690920208696,0.00016396474477681013,0.6985841053575826
0.00661856,0.5683097583749565,7.867186660313044,0.00016396474477681013,0.6945051186135213
0.00662368,0.568344715776,7.86543879026087,0.0,0.6948833199409082
0.0066288,0.568344715776,7.867186660313045,0.0,0.7006495766734604
0.00663392,0.5683097583749566,7.802515468382609,0.00016396474477681005,0.6267960464144594
0.0066390400000000006,0.5683097583749565,7.750079366817391,0.00016396474477681013,0.6665644011456834
0.0066441600000000005,0.5683097583749565,7.748331496765218,0.00016396474477681013,0.6729458596271077
0.0066492800000000005,0.568344715776,7.760566587130436,0.0,0.6763105306529883
0.0066544,0.568344715776,7.7535751069217405,0.0,0.680359400072788
0.00665952,0.568344715776,7.758818717078261,0.0,0.6762156621847181
0.00666464,0.568344715776,7.755322976973914,0.0,0.6767395313699291
0.00666976,0.568274800973913,7.63821568347826,0.0002265498516530511,0.6315110373981213
0.00667488,0.5691662147005218,7.634719943373913,0.004027920932595685,0.635398245593377
0.00668,0.5683097583749565,7.631224203269567,0.0001639647447768101,0.6417659019111889
0.00668512,0.5683097583749565,7.6452071636869565,0.0001639647447768101,0.6304410030920632
0.00669024,0.568344715776,7.634719943373915,0.0,0.6371651646916489
0.00669536,0.568344715776,7.645207163686956,0.0,0.63576836045836
0.00670048,0.568344715776,7.645207163686958,0.0,0.6406128540637842
0.0067056,0.568344715776,7.636467813426088,0.0,0.6402455397228295
0.00671072,0.568344715776,7.6574422540521745,0.0,0.6427220261069593
0.00671584,0.568344715776,7.653946513947827,0.0,0.6353549713413706
0.00672096,0.568344715776,7.653946513947826,0.0,0.6353549713413708
0.00672608,0.568344715776,7.648702903791306,0.0,0.6424129873994826
0.0067312000000000006,0.568344715776,7.650450773843479,0.0,0.635888481296741
0.0067363200000000005,0.568344715776,7.653946513947826,0.0,0.6410800406631978
0.0067414400000000005,0.5683097583749566,7.652198643895652,0.00016396474477681005,0.6376109208163889
0.00674656,0.5683097583749566,7.6521986438956535,0.00016396474477681005,0.6335203167398009
0.00675168,0.568344715776,7.659190124104349,0.0,0.634849887112807
0.0067568,0.568344715776,7.659190124104347,0.0,0.6345177557057662
0.00676192,0.568344715776,7.662685864208696,0.0,0.6447058433179883
0.00676704,0.568344715776,7.660937994156522,0.0,0.6347825121842944
0.00677216,0.5683097583749566,7.660937994156522,0.00016396474477681003,0.6367718735485832
0.00677728,0.568274800973913,7.6574422540521745,0.0002265498516530511,0.6303586175259851
0.0067824,0.5683097583749566,7.669677344417392,0.00016396474477681005,0.6399973640290801
0.00678752,0.5699003201224349,7.667929474365217,0.007296431142567531,0.6385493448702954
0.00679264,0.568344715776,7.669677344417392,0.0,0.6364743457338886
0.00679776,0.568344715776,7.671425214469566,0.0,0.6341661809390868
0.00680288,0.5683097583749566,7.671425214469566,0.00016396474477681,0.6388028656045054
0.006808,0.569410916507826,7.667929474365217,0.005000924715692347,0.6384392951152024
0.00681312,0.568344715776,7.680164564730435,0.0,0.6343877439082828
0.006818240000000001,0.5683097583749566,7.6801645647304335,0.00016396474477681003,0.6440610614566854
0.00682336,0.5682398435728695,7.676668824626088,0.00027077886413618936,0.6345129409290592
0.0068284800000000005,0.5691312572994782,7.681912434782609,0.004789738026448787,0.630818869514804
0.0068336,0.5683097583749566,7.680164564730435,0.00016396474477681,0.634498496379722
0.00683872,0.5683097583749566,7.680164564730435,0.00016396474477681,0.6409990225002465
0.0068438399999999995,0.568344715776,7.678416694678261,0.0,0.6348402625608012
0.00684896,0.568344715776,7.6871560449391305,0.0,0.6449569440502231
0.006854079999999999,0.568344715776,7.692399655095653,0.0,0.640469769628973
0.0068592,0.5683097583749565,7.688903914991304,0.0001639647447768101,0.6386832928913698
0.006864320000000001,0.5683097583749565,7.6871560449391305,0.0001639647447768101,0.6427743102651654
0.00686944,0.568344715776,7.688903914991304,0.0,0.6390132592363208
0.006874560000000001,0.5683097583749565,7.688903914991304,0.00016396474477681013,0.6384632205886173
0.00687968,0.5687467258879999,7.6871560449391305,0.0020635232731281198,0.631525550278029
0.006884800000000001,0.5682398435728695,7.690651785043479,0.00027077886413618936,0.6348931957913009
0.00688992,0.567802876059826,7.697643265252174,0.007126210035061454,0.6325840911934276
0.006895040000000001,0.5661074421092174,7.694147525147826,0.010153425124920994,0.6339156252026453
0.00690016,0.5671037280389565,7.6958953952,0.005820748439576351,0.6335299613443509
0.006905280000000001,0.568344715776,7.702886875408694,0.0,0.6353742047061309
0.0069104,0.5683097583749565,7.702886875408694,0.00016396474477681013,0.6358164115169544
0.0069155200000000005,0.5667891114295651,7.701139005356522,0.007126895931814397,0.6336746127975558
0.00692064,0.5694983100104348,7.702886875408695,0.005410836577634348,0.6403314242834496
0.00692576,0.568344715776,7.708130485565217,0.0,0.6430451691793181
0.0069308799999999995,0.568344715776,7.701139005356522,0.0,0.6375438376709348
0.006936,0.568344715776,7.711626225669565,0.0,0.6349413130805687
0.006941119999999999,0.568344715776,7.708130485565217,0.0,0.6339108058525444
0.00694624,0.568344715776,7.715121965773913,0.0,0.6423273811613773
0.006951359999999999,0.568344715776,7.70987835561739,0.0,0.6342625221748784
0.00695648,0.568344715776,7.715121965773913,0.0,0.6367238945949708
0.006961600000000001,0.5683097583749566,7.713374095721738,0.00016396474477681003,0.6347295697233427
0.00696672,0.5705120746406956,7.720365575930433,0.010165814176161504,0.6396822331448837
0.006971840000000001,0.5683097583749566,7.716869835826087,0.00016396474477681005,0.6270494469909076
0.00697696,0.5683097583749566,7.729104926191304,0.00016396474477681005,0.6334913820451438
0.006982080000000001,0.569008906395826,7.716869835826087,0.003115330150759166,0.645056409755622
0.0069872,0.568344715776,7.723861316034783,0.0,0.642607936814127
0.006992320000000001,0.5683097583749566,7.729104926191304,0.00016396474477681003,0.6355953465689649
0.00699744,0.5661423995102608,7.730852796243479,0.010329778920938308,0.6293351696097497
0.0070025600000000006,0.568344715776,7.727357056139129,0.0,0.6346332993882435
0.00700768,0.568344715776,7.7360964064,0.0,0.644089521325525
0.0070128000000000005,0.568344715776,7.730852796243479,0.0,0.6332309102971707
0.0070179199999999995,0.568344715776,7.729104926191304,0.0,0.637361719256434
0.00702304,0.568344715776,7.732600666295652,0.0,0.6389319790004014
0.0070281599999999994,0.5683097583749566,7.727357056139131,0.00016396474477681,0.6367334906749168
0.00703328,0.5683097583749566,7.734348536347825,0.00016396474477681,0.6420657358250103
0.007038399999999999,0.568344715776,7.736096406399999,0.0,0.6375102934511044
0.00704352,0.568344715776,7.7360964064,0.0,0.6350808326033744
0.007048640000000001,0.568344715776,7.746583626713044,0.0,0.6411610485885609
0.00705376,0.5683097583749566,7.739592146504347,0.00016396474477681003,0.6381616940711493
0.007058880000000001,0.5678902695624347,7.748331496765218,0.0021315416820983954,0.6439187432444837
0.007064,0.5683097583749566,7.74134001655652,0.00016396474477681003,0.6386450248949374
0.007069120000000001,0.5670512919373912,7.7413400165565225,0.006066695556741546,0.6421561344485038
0.00707424,0.568344715776,7.750079366817391,0.0,0.6440468310506595
0.007079360000000001,0.568344715776,7.750079366817391,0.0,0.6384584355656604
0.00708448,0.5683097583749565,7.75007936681739,0.0001639647447768101,0.6443740508801222
0.007089600000000001,0.568344715776,7.751827236869565,0.0,0.6394625046295139
0.00709472,0.5683097583749566,7.748331496765218,0.00016396474477681,0.6374479923596997
0.0070998400000000005,0.5683097583749566,7.75007936681739,0.00016396474477681,0.6441559227962467
0.00710496,0.5682398435728695,7.753575106921738,0.0002707788641361894,0.642432009458808
0.00711008,0.567802876059826,7.762314457182609,0.009099237575877961,0.6375773801259368
0.0071151999999999995,0.5691312572994782,7.7588187170782605,0.003864097565802469,0.6358356309236305
0.00712032,0.5683097583749565,7.7588187170782605,0.0001639647447768101,0.646466226031575
0.007125439999999999,0.568344715776,7.762314457182609,0.0,0.6394481718863032
0.00713056,0.5683097583749565,7.767558067339131,0.0001639647447768101,0.6331923127773068
0.007135680000000001,0.5683097583749565,7.764062327234783,0.0001639647447768101,0.6403075686165816
0.0071408,0.5684321092786087,7.764062327234783,0.00040991186194198,0.6387693875010432
0.007145920000000001,0.568344715776,7.774549547547826,0.0,0.6380036947371749
0.00715104,0.568344715776,7.769305937391304,0.0,0.6430689232905371
0.007156160000000001,0.568344715776,7.7710538074434785,0.0,0.6389750110014606
0.00716128,0.568344715776,7.7710538074434785,0.0,0.6409513599735049
0.007166400000000001,0.568344715776,7.7815410277565205,0.0,0.6382047780099318
0.00717152,0.5683097583749566,7.774549547547826,0.00016396474477681005,0.6324730034902102
0.007176640000000001,0.5683097583749566,7.774549547547826,0.00016396474477681005,0.6449048368439939
0.00718176,0.5690438637968696,7.774549547547826,0.0032792948955359534,0.6423939647768907
0.0071868800000000005,0.568344715776,7.778045287652175,0.0,0.6444688661498162
0.007192,0.568344715776,7.779793157704348,0.0,0.6406891526963477
0.00719712,0.568344715776,7.657442254052174,0.0,0.5947999476229352
0.0072022399999999995,0.568344715776,7.66443373426087,0.0,0.6082889131005892
0.00720736,0.568344715776,7.660937994156521,0.0,0.6031088870823258
0.007212479999999999,0.5683097583749566,7.666181604313044,0.00016396474477681003,0.6014654249909833
0.0072176,0.5683097583749566,7.662685864208696,0.00016396474477681003,0.5984713184353143
0.007222719999999999,0.5692011721015652,7.667929474365217,0.004191755354920424,0.6027744711869737
0.00722784,0.5682748009739129,7.6749209545739125,0.00022654985165305105,0.6052679919985463
0.007232960000000001,0.568344715776,7.67841669467826,0.0,0.5936586019059129
0.00723808,0.568344715776,7.664433734260869,0.0,0.6064378659085373
0.007243200000000001,0.568344715776,7.667929474365217,0.0,0.6034734930692971
0.00724832,0.5704596385391304,7.671425214469565,0.009919867058996308,0.5997716184903544
0.007253440000000001,0.5683097583749565,7.676668824626086,0.0001639647447768101,0.6095482234902977
0.00725856,0.5684321092786087,7.681912434782608,0.0006039643503409781,0.6085952003317551
0.007263680000000001,0.5683097583749565,7.6801645647304335,0.00016396474477681013,0.6001229800697527
0.0072688,0.568344715776,7.681912434782608,0.0,0.5998734836074276
0.0072739200000000006,0.568344715776,7.688903914991303,0.0,0.5984713184353141
0.00727904,0.568344715776,7.685408174886955,0.0,0.6049600202262951
0.0072841600000000005,0.5683097583749566,7.681912434782608,0.00016396474477681003,0.5995219758057657
0.0072892799999999995,0.5674533020493913,7.681912434782608,0.004181100991808365,0.5979963877331667
0.0072944,0.5683097583749566,7.687156044939129,0.00016396474477681003,0.6067853673820446
0.0072995199999999994,0.5683097583749566,7.681912434782608,0.00016396474477681003,0.6051215987338691
0.00730464,0.568344715776,7.692399655095651,0.0,0.5905835388422995
0.007309759999999999,0.568344715776,7.694147525147824,0.0,0.6056867840652905
0.00731488,0.568344715776,7.688903914991304,0.0,0.5956468283300188
0.007320000000000001,0.568344715776,7.6923996550956515,0.0,0.596384941475525
0.00732512,0.5683097583749566,7.697643265252173,0.00016396474477681005,0.6138682861775345
0.007330240000000001,0.5703897237370434,7.702886875408694,0.009764729119067313,0.5941112895472344
0.00733536,0.568344715776,7.694147525147824,0.0,0.6069615601908516
0.007340480000000001,0.568344715776,7.701139005356521,0.0,0.5986652677150806
0.0073456,0.568344715776,7.702886875408694,0.0,0.5996442627596591
0.007350720000000001,0.568344715776,7.704634745460868,0.0,0.6045811513885513
0.00735584,0.568344715776,7.701139005356521,0.0,0.6026426806403052
0.007360960000000001,0.568344715776,7.704634745460867,0.0,0.606669555674154
0.00736608,0.5683097583749565,7.701139005356521,0.0001639647447768101,0.5951337111572101
0.0073712000000000005,0.5701100645286957,7.715121965773913,0.008453224350753132,0.5883134307470796
0.00737632,0.568274800973913,7.7098783556173895,0.00022654985165305113,0.6046569441475762
0.00738144,0.5704072024375652,7.708130485565215,0.010019305851004679,0.5947948113364876
0.0073865599999999995,0.5690263850963477,7.713374095721737,0.00337270990818823,0.6017701084516399
0.00739168,0.5668765049321739,7.720365575930432,0.006886519280625545,0.5984815278591149
0.007396799999999999,0.5683097583749565,7.713374095721737,0.0001639647447768101,0.6009521922884451
0.00740192,0.5673134724452175,7.718617705878258,0.004668416614597044,0.5960211249264801
0.007407040000000001,0.5671037280389565,7.7151219657739105,0.005482575506826998,0.6049196188558368
0.00741216,0.568274800973913,7.718617705878258,0.0002265498516530511,0.6046822062894508
0.007417280000000001,0.5684146305780869,7.729104926191301,0.00032792948955359755,0.597531305199155
0.0074224,0.568344715776,7.727357056139129,0.0,0.5969788689339347
0.007427520000000001,0.568344715776,7.722113445982606,0.0,0.6036101635344624
0.00743264,0.568344715776,7.732600666295651,0.0,0.6031797999517405
0.007437760000000001,0.568344715776,7.727357056139129,0.0,0.599914224811197
0.00744288,0.5683097583749565,7.729104926191304,0.00016396474477681013,0.5962363671691345
0.007448000000000001,0.5683097583749565,7.734348536347825,0.00016396474477681013,0.6020797119083582
0.00745312,0.568344715776,7.725609186086953,0.0,0.6056565196501416
0.0074582400000000005,0.568344715776,7.729104926191304,0.0,0.5989407718114136
0.00746336,0.5683097583749565,7.730852796243476,0.0001639647447768101,0.6024094421198581
0.00746848,0.5683097583749565,7.748331496765215,0.0001639647447768101,0.6037063204998215
0.0074735999999999995,0.5683097583749565,7.734348536347825,0.00016396474477681013,0.6091571628110182
0.00747872,0.5696905757161739,7.736096406399999,0.0063126426739067345,0.6005046616519257
0.007483839999999999,0.568344715776,7.7395921465043465,0.0,0.6060851245881235
0.00748896,0.568344715776,7.739592146504349,0.0,0.5960313763196565
0.007494079999999999,0.568344715776,7.744835756660867,0.0,0.5966256557443524
0.0074992,0.5683097583749565,7.746583626713042,0.00016396474477681013,0.5961851260645985
0.007504320000000001,0.570022671026087,7.748331496765217,0.007870307749286319,0.608805997049363
0.00750944,0.568344715776,7.748331496765215,0.0,0.6010233596195976
0.007514560000000001,0.568344715776,7.751827236869563,0.0,0.6005911424223217
0.00751968,0.568344715776,7.753575106921737,0.0,0.6088511582794404
0.007524800000000001,0.568344715776,7.753575106921737,0.0,0.5964925066645647
0.00752992,0.568344715776,7.746583626713042,0.0,0.5973625594323206
0.007535040000000001,0.568344715776,7.762314457182606,0.0,0.6040756233042758
0.00754016,0.568344715776,7.755322976973913,0.0,0.5981445248647141
0.0075452800000000006,0.568344715776,7.755322976973913,0.0,0.5970863271268652
0.0075504,0.568274800973913,7.75532297697391,0.0002265498516530511,0.60758537497186
0.0075555200000000005,0.5704945959401739,7.758818717078258,0.007497160512178962,0.6023536543106005
0.0075606399999999995,0.5683097583749566,7.760566587130434,0.00016396474477681003,0.6035089291247718
0.00756576,0.5703722450365217,7.7710538074434785,0.009509955197054313,0.6052023718106619
0.0075708799999999995,0.5683097583749566,7.760566587130434,0.00016396474477681005,0.6050206172234649
0.007576,0.5682398435728695,7.760566587130436,0.0002707788641361894,0.6054849927238587
0.007581119999999999,0.5669289410337391,7.765810197286957,0.006301792705334302,0.6005300984654199
0.00758624,0.5683097583749566,7.774549547547824,0.00016396474477681003,0.6071930501277886
0.007591360000000001,0.569148736,7.769305937391303,0.003946007781195955,0.6003469293526018
0.00759648,0.5686593323853913,7.7762974176,0.0014756827029911775,0.6029569028500499
0.007601600000000001,0.5683097583749566,7.781541027756522,0.00016396474477681,0.6061304885434721
0.00760672,0.5681524500702608,7.772801677495652,0.0007485293037130523,0.5976795576031729
0.007611840000000001,0.5683097583749565,7.767558067339131,0.0001639647447768101,0.5969788689339346
0.00761696,0.5683097583749565,7.781541027756522,0.00016396474477681013,0.6076356547093674
0.007622080000000001,0.568274800973913,7.7762974176,0.00022654985165305113,0.605747308359366
0.0076272,0.5696206609140869,7.779793157704347,0.009966814218313393,0.5948513080481814
0.007632320000000001,0.568274800973913,7.7815410277565205,0.0002265498516530511,0.5956057952237388
0.00763744,0.5673833872473043,7.779793157704347,0.004340704279115003,0.5965027499566559
0.0076425600000000005,0.568344715776,7.788532507965216,0.0,0.6004385208936819
0.00764768,0.568344715776,7.78503676786087,0.0,0.6009674431403119
0.0076528,0.5683097583749565,7.779793157704348,0.00016396474477681013,0.5968560358806084
0.0076579199999999995,0.5683097583749565,7.786784637913045,0.00016396474477681013,0.6042627179875292
0.00766304,0.568606896283826,7.786784637913043,0.0012297355858259852,0.6023992992660944
0.007668159999999999,0.568344715776,7.797271858226088,0.0,0.5997868993608105
0.00767328,0.568344715776,7.792028248069565,0.0,0.6019934449819164
0.007678400000000001,0.568344715776,7.792028248069565,0.0,0.6024601538272423
0.00768352,0.568344715776,7.797271858226088,0.0,0.599200853812325
0.007688640000000001,0.5683097583749566,7.795523988173914,0.00016396474477681003,0.6043385506826905
0.00769376,0.5681699287707825,7.799019728278261,0.000819823723884005,0.6001331613956008
0.007698880000000001,0.568344715776,7.795523988173914,0.0,0.5878354902938834
0.007704,0.568344715776,7.800767598330437,0.0,0.5970709771405192
0.007709120000000001,0.568344715776,7.802515468382609,0.0,0.6026781655455946
0.00771424,0.568344715776,7.797271858226088,0.0,0.6036405305467253
0.007719360000000001,0.568344715776,7.806011208486957,0.0,0.5997104911149016
0.00772448,0.568344715776,7.804263338434784,0.0,0.6049852697127365
0.0077296000000000005,0.568344715776,7.809506948591307,0.0,0.602916367250895
0.00773472,0.568344715776,7.811254818643479,0.0,0.5933600507697212
0.0077398400000000004,0.568344715776,7.814750558747827,0.0,0.6074244518437346
0.0077449599999999995,0.5683097583749565,7.814750558747828,0.0001639647447768101,0.5965693270681574
0.00775008,0.568816640690087,7.814750558747825,0.0022135240544867776,0.6034785554903319
0.007755199999999999,0.5683097583749566,7.819994168904348,0.00016396474477681003,0.602130451385775
0.00776032,0.5683097583749566,7.811254818643479,0.00016396474477681003,0.6067098405147096
0.007765439999999999,0.5703198089349565,7.818246298852175,0.009264008079889115,0.5990376783036147
0.00777056,0.568344715776,7.823489909008697,0.0,0.5952928247831899
0.007775680000000001,0.568344715776,7.823489909008697,0.0,0.6015162162851222
0.0077808,0.568344715776,7.823489909008695,0.0,0.6077914954626114
0.007785920000000001,0.5683097583749566,7.828733519165218,0.00016396474477681005,0.5980934472398514
0.00779104,0.5681699287707825,7.826985649113044,0.0008198237238840049,0.6041464227011439
0.007796160000000001,0.568344715776,7.819994168904348,0.0,0.600026248857888
0.00780128,0.5683097583749565,7.826985649113044,0.00016396474477681013,0.6012317297726477
0.007806400000000001,0.568344715776,7.828733519165218,0.0,0.6100742554814359
0.00781152,0.5683097583749566,7.835724999373913,0.00016396474477681005,0.5976744460634786
0.00781664,0.5683097583749566,7.832229259269566,0.00016396474477681005,0.5995372630390584
0.00782176,0.5668065901300869,7.840968609530434,0.007214448770179148,0.60070812600067
0.007826880000000001,0.568344715776,7.835724999373913,0.0,0.6014247888672994
0.007831999999999999,0.568344715776,7.837472869426087,0.0,0.5984968416682716
0.00783712,0.568344715776,7.8427164795826085,0.0,0.6029113001093755
0.00784224,0.568344715776,7.832229259269566,0.0,0.6012927024991014
0.007847360000000001,0.5683097583749565,7.844464349634782,0.0001639647447768101,0.5944403003931904
0.007852479999999998,0.5683097583749565,7.8427164795826085,0.0001639647447768101,0.6030278335920032
0.0078576,0.568344715776,7.844464349634785,0.0,0.604287996609952
0.00786272,0.568344715776,7.846212219686957,0.0,0.5918082543513868
0.007867840000000001,0.568344715776,7.840968609530434,0.0,0.6025767745579245
0.007872960000000002,0.5683097583749566,7.849707959791305,0.00016396474477681005,0.6029163672508948
0.007878079999999999,0.5665793670233044,7.847960089739131,0.008280219611228323,0.603767043324407
0.0078832,0.568344715776,7.840968609530434,0.0,0.6004741360533877
0.00788832,0.568344715776,7.853203699895651,0.0,0.5928398011319335
0.007893440000000002,0.5683097583749566,7.849707959791304,0.00016396474477681,0.6018665593927206
0.007898559999999999,0.5683097583749566,7.8479600897391295,0.00016396474477681,0.6006165755732542
0.00790368,0.568344715776,7.856699439999999,0.0,0.6097937615560428
0.0079088,0.568344715776,7.854951569947825,0.0,0.5995066881826538
0.007913920000000001,0.5683097583749565,7.8601951801043475,0.0001639647447768101,0.6001433425487243
0.007919039999999999,0.5682398435728695,7.861943050156521,0.00027077886413618936,0.5985478848691071
0.00792416,0.5700925858281739,7.860195180104348,0.005887598503202433,0.599557645410447
0.00792928,0.568274800973913,7.861943050156523,0.0002265498516530511,0.596902101237767
0.007934400000000001,0.5663696226170435,7.868934530365218,0.009264008079889113,0.6040553933810168
0.007939519999999999,0.568344715776,7.875926010573913,0.0,0.5976744460634785
0.00794464,0.5683097583749566,7.874178140521741,0.00016396474477681003,0.6025869144243916
0.00794976,0.5696206609140869,7.867186660313045,0.006158309524965254,0.5954775485424604
0.007954880000000001,0.5683097583749566,7.87068240041739,0.00016396474477681003,0.6090568503967407
0.007960000000000002,0.568344715776,7.877673880626086,0.0,0.6013079447146764
0.00796512,0.568344715776,7.874178140521739,0.0,0.5983743202213565
0.00797024,0.568344715776,7.874178140521739,0.0,0.5973165295859358
0.00797536,0.5683097583749565,7.881169620730435,0.00016396474477681013,0.5968355612472835
0.007980480000000002,0.566666760525913,7.879421750678261,0.007870307749286341,0.5951953085744348
0.007985599999999999,0.568344715776,7.886413230886957,0.0,0.598067906791575
0.00799072,0.568344715776,7.88816110093913,0.0,0.6028352878755514
0.00799584,0.568344715776,7.877673880626086,0.0,0.6024753665070964
0.008000960000000001,0.568344715776,7.886413230886957,0.0,0.5921643410234166
0.008006079999999999,0.568344715776,7.889908970991304,0.0,0.5937563704973752
0.0080112,0.568344715776,7.895152581147825,0.0,0.5949180699721044
0.00801632,0.5683097583749566,7.893404711095652,0.00016396474477681005,0.5952055741908789
0.008021440000000001,0.568274800973913,7.886413230886957,0.0002265498516530511,0.6008810165283544
0.008026559999999999,0.5703372876354783,7.888161100939129,0.009518817499799267,0.599445533791412
0.00803168,0.5697779692187825,7.891656841043478,0.007241837163397045,0.5908679817189416
0.0080368,0.5705295533412174,7.895152581147825,0.007206822411274244,0.6016127079303618
0.008041920000000001,0.5696031822135652,7.900396191304348,0.0059027308119647326,0.6048085011712734
0.008047040000000002,0.568344715776,7.902144061356521,0.0,0.6041565362234083
0.00805216,0.568344715776,7.907387671513044,0.0,0.6016990294439227
0.00805728,0.568344715776,7.905639801460868,0.0,0.5996799250905812
0.0080624,0.568344715776,7.907387671513043,0.0,0.6016990294439227
0.008067520000000002,0.5683097583749566,7.898648321252173,0.00016396474477681005,0.5930252889935967
0.008072639999999999,0.568344715776,7.9073876715130424,0.0,0.6021659664761098
0.00807776,0.568344715776,7.9091355415652185,0.0,0.6030075685171045
0.00808288,0.568344715776,7.902144061356522,0.0,0.595841696995332
0.008088000000000001,0.5683097583749565,7.910883411617391,0.0001639647447768101,0.6017447240555631
0.008093119999999999,0.5674358233488696,7.914379151721739,0.004263083364196768,0.5989611744811231
0.00809824,0.5683097583749566,7.907387671513044,0.00016396474477681003,0.6032152532603033
0.00810336,0.566666760525913,7.912631281669564,0.007870307749286343,0.6060649617402799
0.008108480000000001,0.568344715776,7.910883411617392,0.0,0.5959954956721016
0.008113599999999999,0.568344715776,7.910883411617392,0.0,0.601744724055563
0.00811872,0.568344715776,7.916127021773914,0.0,0.6036405305467253
0.00812384,0.568344715776,7.919622761878261,0.0,0.5974341543665488
0.008128960000000001,0.5683097583749566,7.919622761878261,0.00016396474477681,0.603635469484103
0.008134080000000002,0.5683097583749566,7.919622761878261,0.00016396474477681,0.5984917371087572
0.0081392,0.5683097583749565,7.924866372034782,0.00016396474477681013,0.6000873440689539
0.00814432,0.5683097583749565,7.92311850198261,0.00016396474477681013,0.5962312432568495
0.00814944,0.568344715776,7.928362112139132,0.0,0.5980372568138417
0.008154560000000002,0.568344715776,7.924866372034784,0.0,0.597388130036684
0.008159679999999999,0.568274800973913,7.930109982191305,0.0002265498516530511,0.6068659190134015
0.0081648,0.5678902695624348,7.928362112139132,0.001966955760688166,0.6033013454786486
0.00816992,0.568344715776,7.935353592347826,0.0,0.6024297273150729
0.008175040000000001,0.5667191966274782,7.933605722295653,0.007624360632121126,0.6007284686453532
0.008180159999999999,0.5683097583749565,7.940597202504348,0.00016396474477681013,0.5939055652121262
0.00818528,0.5696206609140869,7.933605722295653,0.006158309524965255,0.6029467692057463
0.0081904,0.5674183446483478,7.933605722295653,0.004345065736585173,0.5997919928977827
0.008195520000000001,0.568344715776,7.944092942608696,0.0,0.5995270715935086
0.008200639999999999,0.568344715776,7.9371014624,0.0,0.6007386397093735
0.00820576,0.568344715776,7.938849332452174,0.0,0.6051064525816248
0.00821088,0.568344715776,7.933605722295653,0.0,0.6023637979329531
0.008216000000000001,0.568344715776,7.945840812660869,0.0,0.5973318732621773
0.008221120000000002,0.568344715776,7.952832292869566,0.0,0.5984815278591149
0.00822624,0.568344715776,7.949336552765219,0.0,0.5962107471673538
0.00823136,0.568344715776,7.952832292869566,0.0,0.593766660991583
0.008236480000000001,0.568344715776,7.945840812660871,0.0,0.5952107069327067
0.008241600000000002,0.568344715776,7.951084422817391,0.0,0.6034937424986389
0.008246719999999999,0.568274800973913,7.9563280329739134,0.00022654985165305113,0.6009572759487375
0.00825184,0.5683796731770435,7.958075903026088,0.008180480003705507,0.6023587261431289
0.00825696,0.5683097583749565,7.952832292869566,0.0001639647447768101,0.6009420248388452
0.008262080000000002,0.5683097583749565,7.966815253286957,0.0001639647447768101,0.5957135010995744
0.008267199999999999,0.5683097583749565,7.959823773078262,0.0001639647447768101,0.6070018256519675
0.00827232,0.5689389915937391,7.956328032973914,0.002787400661205568,0.6011910778528747
0.00827744,0.568344715776,7.959823773078262,0.0,0.6061909685364929
0.008282560000000001,0.5683097583749566,7.959823773078261,0.00016396474477681005,0.5946047375472052
0.008287679999999999,0.5683097583749566,7.965067383234783,0.00016396474477681005,0.6061456091074685
0.0082928,0.5690263850963477,7.970310993391305,0.00337270990818823,0.5962363671691344
0.00829792,0.5683097583749566,7.966815253286957,0.00016396474477681003,0.6014654249909833
0.008303040000000001,0.5663696226170435,7.9685631233391305,0.009264008079889115,0.5981547398662923
0.008308159999999998,0.568344715776,7.972058863443478,0.0,0.5967843715907566
0.00831328,0.568344715776,7.970310993391305,0.0,0.6045457781824601
0.0083184,0.568344715776,7.966815253286955,0.0,0.5987724232599388
0.008323520000000001,0.5683097583749566,7.975554603547826,0.00016396474477681005,0.6074244518437346
0.008328640000000002,0.5683097583749566,7.984293953808696,0.00016396474477681005,0.6015162162851222
0.008333759999999999,0.5684321092786087,7.9773024736,0.00040991186194198,0.5897604687843708
0.00833888,0.5683097583749565,7.982546083756524,0.0001639647447768101,0.599369082027837
0.008344,0.569480831309913,7.98604182386087,0.005328854205245943,0.6019020900539401
0.008349120000000002,0.568344715776,7.984293953808696,0.0,0.6055909415620588
0.008354239999999999,0.568344715776,7.982546083756523,0.0,0.6025260726659435
0.00835936,0.568344715776,7.979050343652173,0.0,0.6062665600433439
0.00836448,0.568274800973913,7.989537563965216,0.0002265498516530511,0.6071880186762982
0.008369600000000001,0.5689040341926956,7.980798213704348,0.00279964918513039,0.6080528160673899
0.008374719999999999,0.568344715776,7.987789693913043,0.0,0.596067254807353
0.00837984,0.568344715776,7.99128543401739,0.0,0.6051215987338692
0.00838496,0.568344715776,7.993033304069565,0.0,0.6008250868017447
0.008390080000000001,0.5683097583749565,7.986041823860869,0.0001639647447768101,0.5973318732621772
0.008395199999999998,0.5670163345363478,7.989537563965216,0.006061456091074687,0.5980934472398514
0.00840032,0.568344715776,7.991285434017391,0.0,0.6052377066420439
0.00840544,0.568344715776,7.998276914226085,0.0,0.598848951195673
0.008410560000000001,0.568344715776,8.001772654330436,0.0,0.597070977140519
0.008415680000000002,0.568344715776,7.998276914226087,0.0,0.6009572759487373
0.008420799999999999,0.568344715776,7.9982769142260866,0.0,0.6008403408798709
0.00842592,0.568344715776,8.007016264486957,0.0,0.6062363245716629
0.00843104,0.568274800973913,8.005268394434783,0.0002265498516530511,0.6071880186762981
0.008436160000000002,0.5698304053203478,8.001772654330434,0.00714179788872344,0.60304303195127
0.008441279999999999,0.568344715776,8.015755614747828,0.0,0.6013790699460103
0.0084464,0.568344715776,8.008764134539131,0.0,0.6016685644415263
0.00845152,0.568344715776,8.007016264486957,0.0,0.5960672548073531
0.008456640000000001,0.568344715776,8.017503484800002,0.0,0.5924944330065607
0.008461759999999999,0.568344715776,8.005268394434783,0.0,0.6007894924466088
0.00846688,0.568274800973913,8.015755614747826,0.00022654985165305108,0.6003265737790922
0.008472,0.5691836934010436,8.015755614747826,0.00410983684444904,0.5965693270681572
0.008477120000000001,0.569218650802087,8.017503484799999,0.004273676314577641,0.6007386397093732
0.008482239999999999,0.5685369814817391,8.022747094956522,0.0009018060962723876,0.5951337111572101
0.00848736,0.568344715776,8.015755614747826,0.0,0.5934990501544949
0.00849248,0.5683097583749566,8.022747094956523,0.00016396474477681003,0.5947794022110149
0.008497600000000001,0.5683097583749566,8.02624283506087,0.00016396474477681003,0.6031848648376884
0.008502720000000002,0.568344715776,8.022747094956522,0.0,0.6032253823943161
0.00850784,0.5683097583749566,8.031486445217393,0.00016396474477681003,0.6025615644382871
0.00851296,0.5681174926692174,8.029738575165219,0.0010657708410491973,0.6019579197129363
0.00851808,0.568344715776,8.024494965008698,0.0,0.5991753605683618
0.008523200000000002,0.568344715776,8.036730055373914,0.0,0.6064277904324836
0.008528319999999999,0.568344715776,8.029738575165219,0.0,0.5938489785257784
0.00853344,0.568344715776,8.031486445217393,0.0,0.6022116256575046
0.00853856,0.568344715776,8.036730055373914,0.0,0.6064277904324836
0.008543680000000001,0.568344715776,8.03498218532174,0.0,0.5986091309648934
0.008548799999999999,0.568344715776,8.03498218532174,0.0,0.6009521922884452
0.00855392,0.5683097583749566,8.038477925426088,0.00016396474477681005,0.5988489511956733
0.00855904,0.5689040341926956,8.036730055373914,0.00279964918513039,0.6067752976762367
0.008564160000000001,0.568274800973913,8.050713015791304,0.0002265498516530511,0.6003469293526023
0.008569279999999999,0.5683097583749566,8.041973665530435,0.00016396474477681005,0.6012927024991013
0.0085744,0.5692885656041738,8.043721535582609,0.004427048108973555,0.5964668976647262
0.00857952,0.568344715776,8.050713015791304,0.0,0.5954108493514683
0.008584640000000001,0.5683097583749565,8.041973665530435,0.00016396474477681013,0.6008250868017448
0.008589760000000002,0.5692710869036521,8.050713015791304,0.004345065736585151,0.5989407718114138
0.00859488,0.5683097583749565,8.043721535582609,0.00016396474477681013,0.6048893160571276
0.0086,0.5683097583749565,8.050713015791304,0.00016396474477681013,0.601165669007062
0.00860512,0.568344715776,8.055956625947827,0.0,0.6066141596501449
0.008610240000000002,0.5683097583749565,8.052460885843479,0.0001639647447768101,0.59407015037954
0.008615359999999999,0.5697080544166956,8.052460885843477,0.006568085419366882,0.5974904015107669
0.00862048,0.5686768110859131,8.054208755895653,0.0019138977541719524,0.603063295834471
0.0086256,0.5701799793307826,8.052460885843477,0.00860814910078192,0.600189155600551
0.008630720000000001,0.568344715776,8.068191716313043,0.0,0.6116596265270873
0.008635839999999999,0.568344715776,8.068191716313043,0.0,0.5950053627235553
0.00864096,0.568344715776,8.062948106156522,0.0,0.6000720708493398
0.00864608,0.568344715776,8.07168745641739,0.0,0.6057019157057948
0.008651200000000001,0.568344715776,8.069939586365217,0.0,0.6016076298085524
0.008656319999999999,0.568344715776,8.068191716313043,0.0,0.609588318093192
0.00866144,0.568344715776,8.068191716313043,0.0,0.6036810175202139
0.00866656,0.5683097583749566,8.06294810615652,0.00016396474477681003,0.6015923951859337
0.008671680000000001,0.5695157887109565,8.07168745641739,0.005666604413538322,0.6110149719079557
0.008676800000000002,0.5689739489947826,8.076931066573911,0.0033019481277254113,0.5964976283325981
0.00868192,0.5692536082031303,8.078678936626085,0.004611462900860086,0.598731604361312
0.00868704,0.5696730970156522,8.073435326469564,0.00623066030151833,0.5996544522134829
0.00869216,0.5683097583749566,8.089166156939129,0.00016396474477681003,0.5952107069327067
0.008697280000000002,0.5683097583749566,8.075183196521738,0.00016396474477681003,0.5959032212293702
0.008702399999999999,0.568344715776,8.087418286886956,0.0,0.6014654249909834
0.00870752,0.5683097583749566,8.08042680667826,0.00016396474477681003,0.6041009097556815
0.00871264,0.568344715776,8.078678936626085,0.0,0.6049196188558369
0.008717760000000001,0.5683097583749566,8.087418286886955,0.00016396474477681003,0.6001789752245786
0.008722879999999999,0.5682398435728695,8.08567041683478,0.00027077886413618936,0.6031240833990942
0.008728,0.5692710869036521,8.075183196521738,0.004693348430065574,0.6067702627606656
0.00873312,0.5661773569113043,8.092661897043477,0.010165814176161504,0.6015923951859337
0.008738240000000001,0.568344715776,8.096157637147824,0.0,0.6038277600425133
0.008743359999999999,0.568344715776,8.090914026991301,0.0,0.599409857515207
0.00874848,0.568344715776,8.097905507199997,0.0,0.6089866218752737
0.0087536,0.568344715776,8.097905507199997,0.0,0.6073691246711815
0.008758720000000001,0.568344715776,8.097905507199997,0.0,0.6051670349161304
0.008763840000000002,0.568344715776,8.101401247304345,0.0,0.5985019461842498
0.00876896,0.568344715776,8.103149117356521,0.0,0.5991345691217604
0.00877408,0.568344715776,8.101401247304347,0.0,0.6049246691747077
0.008779200000000001,0.5683097583749566,8.097905507199997,0.00016396474477681,0.6127824010992275
0.008784320000000002,0.5668939836326956,8.096157637147824,0.006804536908237142,0.5986856797737219
0.008789439999999999,0.568344715776,8.106644857460868,0.0,0.6078266797803035
0.00879456,0.568344715776,8.113636337669565,0.0,0.6004741360533877
0.00879968,0.568344715776,8.110140597565216,0.0,0.6041717061893762
0.008804800000000002,0.568344715776,8.110140597565215,0.0,0.6052175155624352
0.008809919999999999,0.568344715776,8.113636337669565,0.0,0.6009420248388453
0.00881504,0.5683097583749565,8.110140597565216,0.00016396474477681013,0.6011402590872745
0.00882016,0.5673134724452175,8.10839272751304,0.004836959970915557,0.5957135010995743
0.008825280000000001,0.568344715776,8.117132077773912,0.0,0.6034076777308667
0.008830399999999999,0.5683097583749565,8.113636337669563,0.0001639647447768101,0.5985989237174318
0.00883552,0.5683097583749565,8.118879947826086,0.0001639647447768101,0.6037569232777534
0.00884064,0.568344715776,8.120627817878258,0.0,0.6089665550958472
0.008845760000000001,0.568344715776,8.117132077773912,0.0,0.5972039972479565
0.008850879999999998,0.568344715776,8.118879947826086,0.0,0.6041059669189509
0.008856,0.568344715776,8.127619298086955,0.0,0.6099340246427869
0.00886112,0.568344715776,8.132862908243476,0.0,0.6026426806403054
0.008866240000000001,0.5683097583749566,8.125871428034781,0.00016396474477681003,0.6063774105410246
0.008871360000000002,0.568274800973913,8.131115038191302,0.00022654985165305113,0.6058229552238801
0.008876479999999999,0.5683097583749566,8.131115038191302,0.00016396474477681,0.6013993898956689
0.0088816,0.5683097583749566,8.131115038191302,0.00016396474477681005,0.6013993898956688
0.00888672,0.5697255331172173,8.13286290824348,0.0064766074186835216,0.5988999643868277
0.008891840000000002,0.568344715776,8.141602258504347,0.0,0.6039946995458091
0.008896959999999999,0.568344715776,8.1381065184,0.0,0.5975722060876948
0.00890208,0.568344715776,8.12936716813913,0.0,0.6060901651952783
0.0089072,0.568344715776,8.136358648347823,0.0,0.6074244518437346
0.008912320000000001,0.5683097583749566,8.136358648347823,0.00016396474477681003,0.6051064525816245
0.008917439999999999,0.5686418536848695,8.13461077829565,0.0013937003306027731,0.6011961594931723
0.00892256,0.5683097583749565,8.14335012855652,0.0001639647447768101,0.6035747334224904
0.00892768,0.5675931316535652,8.150341608765217,0.0035252420127011674,0.5993843731606687
0.008932800000000001,0.568344715776,8.148593738713043,0.0,0.5990070779471254
0.008937919999999999,0.568344715776,8.150341608765217,0.0,0.6030075685171042
0.00894304,0.568344715776,8.145097998608696,0.0,0.6013993898956689
0.00894816,0.568344715776,8.148593738713043,0.0,0.5952415024542256
0.008953280000000001,0.568274800973913,8.145097998608694,0.0002265498516530511,0.6018665593927206
0.008958400000000002,0.5687117684869565,8.155585218921738,0.0019001204588795708,0.605262944544364
0.008963519999999999,0.568344715776,8.160828829078259,0.0,0.6043334954657208
0.00896864,0.5683097583749565,8.03148644521739,0.00016396474477681013,0.6352587957828075
0.00897376,0.5689564702942608,8.04022579547826,0.0030452090105478787,0.6443977560054436
0.008978880000000002,0.568344715776,8.029738575165215,0.0,0.6412944510998541
0.008983999999999999,0.5683097583749566,8.04022579547826,0.00016396474477681005,0.635504014692897
0.00898912,0.5675756529530435,8.041973665530435,0.0032722069396899627,0.6413277973918899
0.00899424,0.5689914276953043,8.04022579547826,0.003208948516855152,0.6378217076265283
