freq_GHz,detector_norm_avg,detector_norm_sd,contrast_pct,relative_noise_pct
2.714965229148953,0.9990030571663641,0.013430159291036997,-1.2294808199489387,1.3443561753585775
2.7151383730584255,0.9992597870453389,0.013184072874097834,-1.2040981714640555,1.3193839124739681
2.7153115169678976,0.9995165169243131,0.013229189241675345,-1.1787155229792383,1.3235588424675433
2.71548466087737,0.9997732468032878,0.013562602623030844,-1.153332874494366,1.356567868403802
2.7156578047868427,1.0000299766822627,0.014163968487118378,-1.127950226009483,1.4163543911062841
2.715830948696315,1.0002867065612366,0.015001096232392609,-1.1025675775246875,1.4996796552423497
2.7160040926057873,1.0005434364402104,0.01603710835901013,-1.0771849290399143,1.6028397943489443
2.71617723651526,1.000800166319186,0.01723617916881279,-1.0518022805549652,1.7222398385688962
2.7163503804247324,1.0010568961981607,0.01856674370038683,-1.026419632070082,1.8547141297263001
2.7165235243342045,1.0013136260771345,0.020002578393991992,-1.0010369835853086,1.997633695683986
2.716696668243677,1.001570355956109,0.021522624948075518,-0.9756543351004474,2.148887975775781
2.7168698121531496,1.0018270858350835,0.023110272572579176,-0.9502716866156081,2.306812512791603
2.7170429560626217,1.0020838157140584,0.024752516711997807,-0.924889038130725,2.4701044287757328
2.7172160999720942,1.002340545593032,0.02643918569571314,-0.8995063896459515,2.6377448075863743
2.7173892438815668,1.002597275472007,0.02816229870594249,-0.8741237411610684,2.808934294448798
2.717562387791039,1.0028540053509811,0.029915558962326602,-0.8487410926762511,2.9830422776101577
2.7177355317005114,1.0031107352299558,0.03169396376488836,-0.8233584441913899,3.159567797629317
2.717908675609984,1.0033674651089308,0.03349350805316347,-0.7979757957064848,3.3381098369107716
2.718081819519456,1.0036241949879046,0.03531095999487868,-0.7725931472217115,3.5183448317828008
2.7182549634289286,1.0038809248668796,0.03714369100249036,-0.7472104987368063,3.7000096408262593
2.718428107338401,1.0041376547458543,0.03898954652586634,-0.7218278502519451,3.8828886001426306
2.7186012512478737,1.0043943846248284,0.040846747321819504,-0.6964452017671278,4.066803632825665
2.7187743951573458,1.0046511145038026,0.04271381353529188,-0.6710625532823105,4.251606644201877
2.7189475390668183,1.0049078443827775,0.04458950591965381,-0.6456799047974273,4.437173634269026
2.719120682976291,1.0051645742617519,0.046472780001476775,-0.620297256312588,4.623400106953524
2.719293826885763,1.005421304140726,0.04836275008152094,-0.5949146078277707,4.810197464718903
2.7194669707952355,1.0056780340197005,0.050258660759174255,-0.5695319593429315,4.997490156794031
2.719640114704708,1.0059347638986755,0.05215986425058562,-0.5441493108580264,5.185213407719501
2.71981325861418,1.0020126442525739,0.013384180621314945,-0.9319256954774665,1.3357297134008261
2.7199864025236526,1.002131616708846,0.012960958371019161,-0.9201629974658447,1.2933389342195327
2.720159546433125,1.0022505891651183,0.012547890856509432,-0.9084002994542231,1.2519714123552586
2.7203326903425973,1.0023695616213895,0.012146014163450979,-0.8966376014427111,1.2117301470930655
2.72050583425207,1.0024885340776617,0.01175647596990172,-0.8848749034310894,1.172729220361433
2.7206789781615424,1.0026075065339335,0.011380543329001208,-0.8731122054195116,1.1350945664015961
2.720852122071015,1.0027264789902057,0.011019608784160348,-0.86134950740789,1.0989645745924281
2.721025265980487,1.0028454514464784,0.010675193726996466,-0.8495868093962243,1.0644904169031073
2.7211984098899595,1.0029644239027506,0.010348947604569173,-0.8378241113846027,1.0318359612696122
2.721371553799432,1.0030833963590224,0.010042641285817383,-0.8260614133730249,1.0011771027483873
2.721544697708904,1.0032023688152945,0.009758152669915334,-0.8142987153614251,0.9727003218143283
2.7217178416183767,1.0033213412715662,0.009497442556994227,-0.8025360173498474,0.9466002731445518
2.7218909855278492,1.003440313727839,0.009262519029816167,-0.7907733193381817,0.9230762311517435
2.7220641294373213,1.0035592861841105,0.009055389251285108,-0.7790106213266259,0.9023272840926937
2.722237273346794,1.0036782586403832,0.00887799877602689,-0.7672479233149603,0.8845462875775878
2.7224104172562664,1.003797231096655,0.008732160219685193,-0.7554852253033825,0.8699127621766053
2.7225835611657385,1.0039162035529272,0.008619475273915862,-0.7437225272917608,0.8585851332422922
2.722756705075211,1.004035176009199,0.008541256228056147,-0.731959829280183,0.8506929271149254
2.7229298489846836,1.0041541484654717,0.00849845479891736,-0.7201971312685174,0.8463297006644377
2.723102992894156,1.0042731209217437,0.008491606564452189,-0.7084344332569177,0.8455475296061302
2.7232761368036282,1.0043920933780155,0.008520798212721852,-0.6966717352453399,0.8483537722867103
2.7234492807131008,1.0045110658342882,0.008585662139792912,-0.6849090372336742,0.8547105583811726
2.7236224246225733,1.00463003829056,0.008685399163866639,-0.6731463392220964,0.8645370766183123
2.7237955685320454,1.004749010746832,0.008818826166388748,-0.6613836412104966,0.8777143417970321
2.723968712441518,1.0048679832031042,0.008984442293795877,-0.649620943198875,0.8940918054884368
2.7241418563509905,1.0049869556593765,0.00918050563794751,-0.6378582451872533,0.9134950047111943
2.7243150002604626,1.005105928115648,0.00940511224103598,-0.6260955471756975,0.9357334364417182
2.724488144169935,1.0052249005719205,0.00965627054430778,-0.6143328491640538,0.9606079732817865
2.7246612880794077,1.0067387087821098,0.03162768988995501,-0.4646640150330257,3.1415986704451084
2.7248344319888798,1.0066572458943968,0.03046424181037272,-0.47271817628469026,3.0262775075249957
2.7250075758983523,1.0065757830066833,0.029305990910120754,-0.48077233753639875,2.9114540012658114
2.725180719807825,1.0064943201189704,0.028153578639402342,-0.48882649878804135,2.797192003634408
2.7253538637172974,1.0064128572312572,0.02700775240599737,-0.4968806600397279,2.6835659155128853
2.7255270076267695,1.0063313943435446,0.025869387365768128,-0.5049348212913486,2.5706628563092164
2.725700151536242,1.006249931455831,0.024739513499141927,-0.512988982543057,2.458585359936281
2.7258732954457146,1.0061684685681187,0.023619349409033243,-0.5210431437946558,2.3474547401237893
2.7260464393551866,1.0060870056804057,0.022510344681404004,-0.5290973050463204,2.237415308448448
2.726219583264659,1.0060055427926922,0.021414233156543422,-0.5371514662980289,2.128639678972053
2.7263927271741317,1.0059240799049798,0.02033310007174773,-0.5452056275496275,2.021335454427973
2.726565871083604,1.005842617017267,0.019269466733940196,-0.5532597888012702,1.915753658468162
2.7267390149930764,1.005761154129554,0.018226397085840885,-0.5613139500529348,1.8121993488220474
2.726912158902549,1.0056796912418406,0.017207631042324846,-0.5693681113046213,1.71104489751368
2.727085302812021,1.0055982283541274,0.016217749359408912,-0.5774222725563078,1.6127464132422613
2.7272584467214935,1.0055167654664146,0.01526237318761596,-0.5854764338079504,1.5178636211536884
2.727431590630966,1.005435302578702,0.01434839674629962,-0.5935305950595712,1.4270830464674755
2.7276047345404386,1.0053538396909885,0.013484241020468923,-0.6015847563112796,1.341243300429779
2.7277778784499107,1.0052723768032759,0.012680096034523353,-0.6096389175629003,1.261359242242936
2.7279510223593832,1.005190913915563,0.011948084692913209,-0.6176930788145429,1.188638349940045
2.728124166268856,1.0051094510278495,0.011302231330628125,-0.6257472400662515,1.1244776694787006
2.728297310178328,1.005027988140137,0.010758064468610344,-0.6338014013178721,1.070424365844654
2.7284704540878004,1.0049465252524241,0.010331664048361154,-0.6418555625695148,1.0280809763251861
2.728643597997273,1.0048650623647106,0.010038048901222434,-0.6499097238212233,0.9989449605900593
2.728816741906745,1.004783599476998,0.009889053661305693,-0.657963885072844,0.9841973601532772
2.7289898858162176,1.0047021365892852,0.009891215887176622,-0.6660180463244866,0.9844923711175582
2.72916302972569,1.0046206737015715,0.010044437962126075,-0.674072207576217,0.999823936045122
2.7293361736351622,1.0045392108138593,0.010342007980124397,-0.6821263688277938,1.0295275553998027
2.7295093175446348,1.0044598544259777,0.009128166295463676,-0.6899722623664488,0.9087636758444848
2.7296824614541073,1.004436651250261,0.008916393250430747,-0.6922663391420245,0.8877009057098991
2.72985560536358,1.0044134480745455,0.008719045984390692,-0.6945604159174684,0.868073401556406
2.730028749273052,1.0043902448988293,0.008537124970528658,-0.6968544926929783,0.8499808728616822
2.7302018931825245,1.0043670417231132,0.008371635936292532,-0.699148569468488,0.8335235614591631
2.730375037091997,1.0043438385473968,0.008223570960363238,-0.7014426462440199,0.818800359472226
2.730548181001469,1.0043206353716807,0.008093886336818922,-0.7037367230195296,0.8059066050976362
2.7307213249109417,1.0042974321959646,0.007983477834218437,-0.7060307997950395,0.7949316186900947
2.730894468820414,1.0042742290202489,0.007893154390259616,-0.7083248765705054,0.7859560827285222
2.7310676127298863,1.0042510258445325,0.007823611680700867,-0.7106189533460371,0.7790494088986906
2.731240756639359,1.0042278226688173,0.007775407309924329,-0.7129130301214591,0.7742672662922793
2.7314139005488314,1.0042046194931011,0.0077489395108591985,-0.715207106896969,0.7716494587299032
2.7315870444583035,1.0041814163173846,0.00774443115106521,-0.7175011836725227,0.7712183301963718
2.731760188367776,1.0041582131416682,0.007761920494769794,-0.7197952604480544,0.7729778428526113
2.7319333322772485,1.004135009965953,0.007801259595960768,-0.7220893372234765,0.7769134148828536
2.732106476186721,1.0041118067902361,0.007862120477512235,-0.7243834139990522,0.7829925337343105
2.732279620096193,1.0040886036145202,0.007944008504852265,-0.7266774907745399,0.7911660859664582
2.7324527640056657,1.0040654004388043,0.008046281715818827,-0.7289715675500278,0.801370280491926
2.7326259079151383,1.004042197263088,0.008168174421397969,-0.7312656443255596,0.8135289974528503
2.7327990518246104,1.0040189940873723,0.008308823196418241,-0.7335597211010255,0.8275563754618757
2.732972195734083,1.0039957909116566,0.008467293430796273,-0.7358537978764914,0.8433594550339429
2.7331453396435554,1.00397258773594,0.00864260486080314,-0.7381478746520451,0.8608407207903047
2.7333184835530275,1.003949384560224,0.008833754870928082,-0.740441951427533,0.8799004219518171
2.7334916274625,1.003926181384508,0.009039738771791263,-0.7427360282030427,0.9004385919415528
2.7336647713719726,1.0039029782087916,0.009259566653343505,-0.7450301049785746,0.9223567271276389
2.7338379152814447,1.0038797750330757,0.009492276742493793,-0.7473241817540625,0.9455591175926462
2.7340110591909172,1.0038565718573593,0.009736945440300137,-0.7496182585295942,0.9699538473195038
2.73418420310039,1.0038333686816439,0.00999269437447073,-0.7519123353050381,0.9954534971869239
2.7343573470098623,1.0041698939478823,0.010245834262510177,-0.7186403898138483,1.0203287635151856
2.7345304909193344,1.0043026780031503,0.010302233952839399,-0.7055121516332165,1.025809666596058
2.734703634828807,1.0044354620584175,0.010770509925498597,-0.6923839134526725,1.07229486934146
2.7348767787382795,1.0045682461136867,0.01160089214860292,-0.6792556752719309,1.1548137414737725
2.7350499226477516,1.0047010301689532,0.012722675354803129,-0.6661274370914527,1.2663145525653188
2.735223066557224,1.0048338142242228,0.014066314111237448,-0.6529991989106673,1.3998647251035514
2.7353962104666967,1.0049665982794904,0.015574494281366133,-0.6398709607300793,1.5497524303822408
2.7355693543761688,1.0050993823347583,0.017203996818079593,-0.6267427225494695,1.7116712158469551
2.7357424982856413,1.0052321663900263,0.018923506436832237,-0.6136144843688377,1.8825010847782586
2.735915642195114,1.005364950445295,0.020710616605142288,-0.6004862461881401,2.060009809966935
2.736088786104586,1.005497734500562,0.022549260285370142,-0.5873580080076181,2.2425968265926053
2.7362619300140585,1.0056305185558303,0.024427803700328127,-0.5742297698269643,2.429103259058655
2.736435073923531,1.0057633026110995,0.026337710659398335,-0.5611015316462227,2.618678827416155
2.7366082178330036,1.0058960866663669,0.028272625751539784,-0.5479732934656567,2.810690500371454
2.7367813617424757,1.0060288707216345,0.030227746954525046,-0.5348450552850689,3.0046599888174566
2.736954505651948,1.0061616547769028,0.03219939378248095,-0.5217168171044151,3.200220722943427
2.7371276495614207,1.0062944388321708,0.03418470694512058,-0.5085885789237833,3.3970879323145984
2.737300793470893,1.006427222887439,0.03618143685427559,-0.4954603407431515,3.595037577627429
2.7374739373803654,1.0065600069427065,0.038187792705371995,-0.4823321025625636,3.793891317156777
2.737647081289838,1.0066927909979753,0.04020233333438521,-0.46920386438186595,3.9935056348750653
2.73782022519931,1.0068255750532429,0.042223887247637024,-0.45607562620127806,4.193763874681485
2.7379933691087825,1.0069583591085114,0.044251493285828794,-0.44294738802060235,4.394570330098445
2.738166513018255,1.0070911431637792,0.04628435606878813,-0.4298191498399925,4.595845806307631
2.738339656927727,1.0072239272190477,0.04832181215900845,-0.41669091165931677,4.7975242498880375
2.7385128008371997,1.007356711274315,0.05036330409048973,-0.4035626734787728,4.999550162005643
2.7386859447466723,1.0074894953295839,0.0524083602342585,-0.39043443529805316,5.201876592977673
2.738859088656145,1.0076222793848515,0.05445657904173292,-0.37730619711746527,5.4044635728954304
2.739032232565617,1.0077550634401193,0.05650761660488461,-0.36417795893685545,5.607276872615018
2.7392053764750894,1.0039417328025995,0.012359397208151279,-0.7411984737102255,1.2310871043928853
2.739378520384562,1.0039872299718404,0.012186239452581904,-0.7367002101714745,1.2137843080856416
2.739551664294034,1.0040327271410816,0.0120675541533845,-0.7322019466327016,1.2019084465250534
2.7397248082035066,1.0040782243103228,0.01200495702184954,-0.7277036830939285,1.195619696871273
2.739897952112979,1.0041237214795644,0.011999325878999783,-0.7232054195551116,1.1950047212627262
2.7400710960224512,1.0041692186488045,0.012050740583333488,-0.7187071560164484,1.2000707011860798
2.740244239931924,1.0042147158180459,0.01215847746494441,-0.7142088924776534,1.210744801229084
2.7404173838413963,1.0042602129872875,0.012321059147926933,-0.7097106289388365,1.2268791483112256
2.7405905277508684,1.0043057101565274,0.012536351996902586,-0.7052123654001953,1.248260551555434
2.740763671660341,1.0043512073257692,0.012801696874093571,-0.7007141018613564,1.2746235361413012
2.7409368155698135,1.00439670449501,0.013114055929593388,-0.6962158383226273,1.305664969917127
2.741109959479286,1.004442201664252,0.013470158929842733,-0.6917175747837665,1.3410586400615323
2.741283103388758,1.0044876988334928,0.013866636177108826,-0.6872193112450374,1.3804684908747107
2.7414562472982307,1.0045331960027328,0.014300129885557074,-0.6827210477063742,1.4235597133534819
2.741629391207703,1.004578693171975,0.014767380580918695,-0.6782227841675135,1.4700073454962925
2.7418025351171753,1.0046241903412156,0.015265288805061585,-0.6737245206287844,1.5195024121285399
2.741975679026648,1.0046696875104564,0.01579095481548255,-0.6692262570900552,1.5717558727796495
2.7421488229361204,1.0047151846796978,0.01634170016459967,-0.6647279935512603,1.626500764971457
2.7423219668455925,1.004760681848939,0.016915075322240927,-0.6602297300124873,1.6834929578568072
2.742495110755065,1.0048061790181797,0.01750885720562396,-0.6557314664737582,1.7425109012299553
2.7426682546645376,1.0048516761874204,0.018121039891219524,-0.6512332029350292,1.8033546960854816
2.7428413985740097,1.004897173356662,0.01874982110404627,-0.6467349393962123,1.865844745230616
2.743014542483482,1.0049426705259028,0.01939358643291019,-0.6422366758574832,1.9298201779770394
2.7431876863929547,1.0049881676951444,0.02005089266417261,-0.6377384123186663,1.995137187550938
2.7433608303024273,1.0050336648643852,0.020720451180704893,-0.6332401487799372,2.0616673754406842
2.7435339742118994,1.005079162033626,0.021401112032698125,-0.6287418852412081,2.129296163040154
2.743707118121372,1.0051246592028673,0.02209184903856357,-0.6242436217024132,2.1979213062073235
2.7438802620308445,1.0051701563721085,0.022791746099227676,-0.6197453581636402,2.2674515309416226
2.7440534059403165,1.0100115053479828,0.06496693088309015,-0.14108560987892532,6.432296121290902
2.744226549849789,1.0098931142901144,0.06247132209408651,-0.15279082556175108,6.18593405679368
2.7443996937592616,1.0097747232322472,0.06000847280970196,-0.16449604124446707,5.942758461770296
2.7445728376687337,1.0096563321743788,0.057582586627189895,-0.1762012569272928,5.703186796558886
2.7447459815782063,1.0095379411165104,0.055198537166821035,-0.18790647261011856,5.467703086599554
2.744919125487679,1.009419550058643,0.05286198517829951,-0.1996116882928565,5.236869562832269
2.745092269397151,1.0093011590007748,0.05057951361549383,-0.2113169039756603,5.011340090560125
2.7452654133066234,1.0091827679429068,0.04835878066208056,-0.22302211965844215,4.791875386522295
2.745438557216096,1.009064376885039,0.04620868842134833,-0.23472733534122397,4.579359799024281
2.7456117011255685,1.0089459858271708,0.04413956108837101,-0.24643255102402778,4.374819039711406
2.7457848450350406,1.0088275947693028,0.04216332019044496,-0.2581377667068096,4.179437637219549
2.745957988944513,1.0087092037114345,0.04029363516542313,-0.2698429823896354,3.9945739581999584
2.7461311328539857,1.0085908126535663,0.03854601469881436,-0.2815481980724392,3.8217693652593536
2.746304276763458,1.0084724215956984,0.03693778840744579,-0.293253413755221,3.662746508129534
2.7464774206729303,1.0083540305378298,0.03548791237392919,-0.30495862943806873,3.519390144649976
2.746650564582403,1.0082356394799619,0.034216522117843366,-0.31666384512085055,3.393702898212556
2.746823708491875,1.008117248422095,0.033144163829805146,-0.3283690608035226,3.287729069379815
2.7469968524013475,1.0079988573642267,0.03229067288037839,-0.3400742764863484,3.2034434011972883
2.74716999631082,1.007880466306358,0.03167374722247107,-0.3517794921691961,3.142609494015477
2.747343140220292,1.0077620752484904,0.03130737485183273,-0.36348470785195597,3.1066236387307065
2.7475162841297647,1.0076436841906224,0.03120038342822105,-0.37518992353473785,3.096370663334468
2.747689428039237,1.0075252931327539,0.03135542825377451,-0.38689513921758556,3.112123186136534
2.7478625719487093,1.0074069020748864,0.0317686730104021,-0.3986003549003235,3.1535095645037137
2.748035715858182,1.0072885110170184,0.032430248806644926,-0.4103055705831053,3.219559088776007
2.7482088597676544,1.0071701199591503,0.03332536930680119,-0.4220107862659091,3.308812349213937
2.748382003677127,1.007051728901282,0.034435827130522435,-0.4337160019487349,3.4194695408638807
2.748555147586599,1.0069333378434138,0.035741556902942215,-0.44542121763153864,3.5495454922061898
2.7487282914960716,1.006814946785546,0.037222014164795654,-0.45712643331429853,3.697006513822051
2.748901435405544,1.0078992322546845,0.056388652662845415,-0.34992412001011447,5.594671655489132
2.749074579315016,1.0077986485319341,0.054144604918692225,-0.35986874074560404,5.372561770901854
2.7492477232244887,1.0076980648091838,0.051905152918956705,-0.36981336148109356,5.150863610002604
2.7494208671339613,1.007597481086434,0.049670918275674145,-0.3797579822165173,4.929638988588664
2.7495940110434334,1.0074968973636838,0.04744263810357801,-0.38970260295200687,4.708961211465873
2.749767154952906,1.0073963136409336,0.045221192633258654,-0.39964722368747446,4.48891781922649
2.7499402988623785,1.0072957299181833,0.04300764096286744,-0.40959184442296404,4.269614144632649
2.750113442771851,1.007195146195433,0.04080326781370517,-0.41953646515845355,4.051177963658279
2.750286586681323,1.0070945624726826,0.038609645329021454,-0.4294810858939431,3.83376564304196
2.7504597305907956,1.006993978749933,0.036428715674007225,-0.4394257066293668,3.6175703571961058
2.750632874500268,1.0068933950271828,0.03426290273680706,-0.44937032736483445,3.4028332002199773
2.7508060184097403,1.0067928113044324,0.03211526502017232,-0.45931494810032397,3.1898583958463878
2.750979162319213,1.006692227581683,0.029989707496888663,-0.4692595688357257,2.9790343736865
2.7511523062286853,1.006591643858932,0.027891278731018904,-0.4792041895712812,2.770863328856295
2.7513254501381574,1.0064910601361825,0.025826592261146555,-0.4891488103066829,2.5660031453883065
2.75149859404763,1.0063904764134322,0.023804429660564383,-0.49909343104217246,2.3653273971151294
2.7516717379571025,1.006289892690682,0.021836607799184584,-0.50903805177764,2.1700116395680444
2.7518448818665746,1.0061893089679321,0.01993922199975872,-0.5189826725130857,1.9816571118421809
2.752018025776047,1.0060887252451822,0.01813439474603739,-0.5289272932485314,1.8024647619043803
2.7521911696855197,1.0059881415224312,0.01645261489016158,-0.5388719139840868,1.6354680747292611
2.752364313594992,1.005887557799681,0.014935506878319975,-0.5488165347195544,1.4848087902578797
2.7525374575044643,1.0057869740769312,0.013638136227872025,-0.558761155455,1.3559666787679898
2.752710601413937,1.0056863903541813,0.01262840919898696,-0.5687057761904457,1.255700516593399
2.7528837453234094,1.0055858066314314,0.011979283914054801,-0.5786503969258914,1.1912741642787987
2.7530568892328815,1.005485222908681,0.01175067369810843,-0.5885950176613809,1.1686570255220583
2.753230033142354,1.0053846391859305,0.01196670325088267,-0.5985396383968924,1.1902611980000235
2.7534031770518266,1.0052840554631808,0.012604531173326721,-0.6084842591323162,1.2538278215821528
2.7535763209612987,1.0051834717404307,0.01360496198353285,-0.6184288798677837,1.353480470582794
2.753749464870771,1.0069643949981246,0.04145964158574944,-0.4423506251313041,4.117289726597201
2.7539226087802438,1.0070140269547874,0.03991023050556947,-0.43744355893932885,3.9632248843899522
2.754095752689716,1.0070636589114488,0.03848504428665154,-0.43253649274748535,3.8215105813917103
2.7542688965991884,1.0071132908681109,0.03719836400477523,-0.42762942655557595,3.69356301243041
2.754442040508661,1.0071629228247732,0.036065017006327256,-0.42272236036364463,3.580852331733609
2.7546151844181335,1.0072125547814357,0.03509985947052042,-0.4178152941716914,3.4848512663880626
2.7547883283276056,1.007262186738098,0.03431708516442939,-0.41290822797976007,3.40696648958513
2.754961472237078,1.0073118186947594,0.03372939444555224,-0.40800116178791657,3.3484561403496333
2.7551346161465506,1.0073614506514221,0.0333471030419929,-0.4030940955959413,3.310341389421702
2.7553077600560227,1.007411082608084,0.03317731196271983,-0.39818702940405387,3.2933240993167527
2.7554809039654953,1.007460714564746,0.033223279383568054,-0.39327996321214453,3.2977245567259192
2.755654047874968,1.0075103465214084,0.0334841167282981,-0.3883728970202132,3.3234514011600376
2.75582719178444,1.0075599784780704,0.0339548725413387,-0.3834658308283038,3.3700100506798494
2.7560003356939125,1.007609610434733,0.034626986320954595,-0.3785587646363505,3.4365478417791975
2.756173479603385,1.0076592423913953,0.03548901957216183,-0.3736516984444192,3.5219266671874747
2.756346623512857,1.007708874348057,0.036527528726475224,-0.3687446322525538,3.6248096703630717
2.7565197674223296,1.0077585063047187,0.037727943432985106,-0.3638375660606663,3.743748447366338
2.756692911331802,1.0078081382613806,0.039075345073975566,-0.3589304998687789,3.877260322722375
2.7568660552412743,1.0078577702180431,0.04055508581875245,-0.35402343367682565,4.023889780596585
2.757039199150747,1.0079074021747056,0.04215323113394112,-0.34911636748487235,4.182252361971888
2.7572123430602193,1.0079570341313675,0.04385683892445097,-0.34420930129298494,4.35106234089092
2.757385486969692,1.00800666608803,0.04565410454721137,-0.33930223510103164,4.529147086337261
2.757558630879164,1.0080562980446917,0.04753440564179164,-0.3343951689091662,4.715451481627887
2.7577317747886365,1.0081059300013542,0.04948827834526276,-0.3294881027172129,4.909035536096518
2.757904918698109,1.0081555619580158,0.051507350772357734,-0.3245810365253475,5.109067758582949
2.758078062607581,1.0082051939146779,0.05358425318825775,-0.3196739703334381,5.314816221110687
2.7582512065170537,1.0082548258713404,0.05571251845006793,-0.3147669041414848,5.525638660040214
2.7584243504265262,1.0051174259724,0.015550868249453108,-0.624958764587587,1.5471693005828084
2.7585974943359983,1.0051918905112964,0.015720798270441656,-0.6175965236869843,1.5639599183838604
2.758770638245471,1.005266355050194,0.01593949609278065,-0.6102342827862718,1.585599280499622
2.7589437821549434,1.0053408195890912,0.016204987368319126,-0.6028720418855812,1.6118899235527435
2.759116926064416,1.0054152841279884,0.016515015531532486,-0.5955098009848906,1.64260637293337
2.759290069973888,1.0054897486668846,0.01686712491475262,-0.5881475600843098,1.6775034193153813
2.7594632138833606,1.0055642132057823,0.017258740112093062,-0.5807853191835753,1.7163240184404984
2.759636357792833,1.0056386777446793,0.01768723720956544,-0.5734230782829067,1.7588063785724872
2.759809501702305,1.0057131422835754,0.018150004199498738,-0.5660608373823259,1.804689969377081
2.7599826456117778,1.0057876068224723,0.01864448946096439,-0.5586985964816792,1.8537203416004366
2.7601557895212503,1.0058620713613702,0.01916823843137304,-0.5513363555809228,1.9056527706060187
2.7603289334307224,1.0059365359002665,0.019718919451826692,-0.54397411468032,1.9602548220578522
2.760502077340195,1.0060110004391642,0.020294340260700962,-0.5366118737795855,2.0173079868750605
2.7606752212496675,1.006085464978061,0.020892456805516,-0.5292496328789389,2.0766085519356534
2.7608483651591396,1.0061599295169579,0.021511376027750766,-0.5218873919782923,2.1379678713778683
2.761021509068612,1.0062343940558554,0.022149354128914417,-0.5145251510775797,2.2012121887064935
2.7611946529780846,1.0063088585947522,0.022804791613443672,-0.507162910176933,2.266182138681473
2.7613677968875567,1.0063833231336492,0.023476226170762754,-0.4998006692762644,2.332732034714478
2.7615409407970293,1.006457787672546,0.024162324234081104,-0.49243842837561774,2.400729025104666
2.761714084706502,1.006532252211443,0.024861871853275343,-0.4850761874749491,2.4700521815025347
2.7618872286159744,1.0066067167503403,0.025573765350223064,-0.47771394657425853,2.5405915661663423
2.7620603725254464,1.0066811812892373,0.026297002087909607,-0.4703517056735899,2.612247310934286
2.762233516434919,1.0067556458281341,0.027030671577277395,-0.4629894647729433,2.6849287301530436
2.7624066603443915,1.0068301103670314,0.02777394706392136,-0.4556272238722527,2.758553481659046
2.7625798042538636,1.006904574905928,0.02852607767612005,-0.448264982971628,2.833046783880702
2.762752948163336,1.0069790394448255,0.0292863811718422,-0.44090274207091545,2.9083406927703845
2.7629260920728087,1.0070535039837225,0.030054237291679813,-0.43354050117024684,2.984373439225489
2.763099235982281,1.0071279685226195,0.030829081703975584,-0.4261782602695782,3.0610888256037128
2.7632723798917533,1.0039011954107335,0.013677184045149211,-0.7452063685931106,1.3624034026130791
2.763445523801226,1.003901104889527,0.013473753533190195,-0.7452153183420646,1.3421395262507354
2.763618667710698,1.0039010143683207,0.013284943985885471,-0.7452242680909965,1.323332061203732
2.7637918116201705,1.0039009238471137,0.013111387062768634,-0.7452332178399943,1.3060439283713017
2.763964955529643,1.0039008333259074,0.01295369585400378,-0.7452421675889263,1.290336198953874
2.7641380994391156,1.0039007428047004,0.01281245618189615,-0.745251117337924,1.2762672279831846
2.7643112433485877,1.003900652283494,0.012688217452213955,-0.745260067086878,1.2638917430079424
2.7644843872580602,1.0039005617622871,0.012581483314100602,-0.7452690168358539,1.2532599137124263
2.7646575311675328,1.0039004712410806,0.012492702438543593,-0.7452779665848077,1.2444164333441723
2.764830675077005,1.0039003807198736,0.012422259763009078,-0.7452869163338056,1.237399646576622
2.7650038189864774,1.003900290198667,0.012370468567844406,-0.7452958660827814,1.2322407602249374
2.76517696289595,1.0039001996774604,0.012337563743424176,-0.7453048158317354,1.2289631725731371
2.765350106805422,1.0039001091562536,0.012323696573056288,-0.7453137655807112,1.2275819536879986
2.7655232507148946,1.0039000186350473,0.012328931295661373,-0.7453227153296431,1.228103503018598
2.765696394624367,1.00389992811384,0.012353243627816696,-0.7453316650786629,1.2305254021709489
2.765869538533839,1.0038998375926338,0.012396521323739248,-0.7453406148275948,1.234836470684793
2.7660426824433118,1.003899747071427,0.012458566743342833,-0.7453495645765708,1.24101702183778
2.7662158263527843,1.0038996565502203,0.012539101292892183,-0.7453585143255466,1.2490393049820625
2.766388970262257,1.003899566029014,0.012637771509849703,-0.7453674640744785,1.2588681116617253
2.766562114171729,1.003899475507807,0.012754156491261786,-0.7453764138234763,1.2704615155626306
2.7667352580812015,1.0038993849866007,0.012887776318616975,-0.7453853635724083,1.283771711722783
2.766908401990674,1.0038992944653937,0.01303810111329445,-0.7453943133214062,1.2987459185572618
2.767081545900146,1.0038992039441874,0.01320456036409163,-0.7454032630703381,1.3153273069858664
2.7672546898096186,1.0038991134229809,0.013386552197787007,-0.7454122128192919,1.33345592388692
2.767427833719091,1.0038990229017744,0.013583452309552555,-0.7454211625682459,1.3530695816686353
2.7676009776285633,1.0038989323805674,0.01379462232590519,-0.7454301123172437,1.3741046913152604
2.767774121538036,1.0038988418593608,0.01401941743260131,-0.7454390620661976,1.3964970222134525
2.7679472654475084,1.0038987513381534,0.014257193158239973,-0.7454480118152393,1.4201823778778242
2.7681204093569804,1.0040557164048618,0.011663672273559286,-0.7299290191347843,1.1616558805444006
2.768293553266453,1.0040731462557688,0.011250089298292439,-0.7282057457063716,1.1204451926878531
2.7684666971759255,1.0040905761066756,0.010865155936266632,-0.726482472277981,1.0820892252963745
2.768639841085398,1.004108005957582,0.010512019967851251,-0.7247591988496344,1.0469013199258692
2.76881298499487,1.004125435808489,0.010193986466290326,-0.7230359254212217,1.015210461039906
2.7689861289043427,1.0041428656593943,0.009914434039852028,-0.7213126519929849,0.98735293342362
2.7691592728138152,1.0041602955103017,0.00967669833008762,-0.7195893785645283,0.9636607196433755
2.7693324167232873,1.0041777253612088,0.009483924546186047,-0.7178661051361158,0.9444468152064042
2.76950556063276,1.0041951552121144,0.009338897419355608,-0.716142831707835,0.9299882966855152
2.7696787045422324,1.004212585063021,0.009243864516857716,-0.7144195582794662,0.9205087303578855
2.7698518484517045,1.004230014913928,0.009200375176484584,-0.7126962848510537,0.9161621381405477
2.770024992361177,1.0042474447648346,0.009209159655223745,-0.7109730114226851,0.9170209696057788
2.7701981362706496,1.0042648746157412,0.009270069347529455,-0.7092497379943163,0.9230701562749004
2.7703712801801217,1.0042823044666482,0.009382089098163633,-0.7075264645659038,0.9342083452467331
2.7705444240895942,1.0042997343175541,0.00954341930175124,-0.705803191137601,0.9502560814910722
2.7707175679990668,1.004317164168461,0.009751612896207117,-0.7040799177092104,0.9709694550805678
2.7708907119085393,1.0043345940193686,0.010003744407529885,-0.702356644280732,0.9960569383052598
2.7710638558180114,1.0043520238702746,0.010296586631022873,-0.7006333708524292,1.0251969813676418
2.771236999727484,1.004369453721181,0.010626774501909044,-0.6989100974240825,1.0580543307581616
2.7714101436369565,1.0043868835720873,0.01099094274227498,-0.6971868239957357,1.094293735018308
2.7715832875464286,1.0044043134229939,0.011385831300294386,-0.6954635505673671,1.1335904424276766
2.771756431455901,1.0044217432739009,0.01180835858275226,-0.6937402771389545,1.1756374911063805
2.7719295753653737,1.0044391731248072,0.012255666298664966,-0.6920170037106078,1.2201501720146604
2.7721027192748458,1.0044566029757136,0.012725141508637598,-0.690293730282261,1.2668682221749779
2.7722758631843183,1.0044740328266208,0.013214421757715217,-0.6885704568538266,1.3155563335499503
2.772449007093791,1.0044914626775272,0.013721388572297665,-0.6868471834254799,1.3660035034765303
2.772622151003263,1.0045088925284338,0.014244153618183951,-0.6851239099971111,1.418021654574925
2.7727952949127355,1.0045263223793401,0.01478104076951888,-0.6834006365687645,1.4714438477339475
2.772968438822208,1.0067092296275844,0.040003568608139875,-0.4675785920972102,3.9736964190681494
2.7731415827316805,1.0066065038382208,0.03861539588339966,-0.4777349970009123,3.8361957464170953
2.7733147266411526,1.0065037780488562,0.03723239318168034,-0.48789140190472424,3.6991806681398334
2.773487870550625,1.006401052259492,0.03585515876127571,-0.4980478068084922,3.5627107782505334
2.7736610144600977,1.0062983264701284,0.034484383748518706,-0.5082042117121943,3.4268549237761614
2.77383415836957,1.0061956006807642,0.033120870160548516,-0.5183606166159623,3.2916930006591016
2.7740073022790424,1.0060928748913993,0.03176555308547687,-0.5285170215197962,3.1573181639822008
2.774180446188515,1.005990149102036,0.03041952810972503,-0.5386734264234764,3.023839561140635
2.774353590097987,1.0058874233126724,0.02908408538992447,-0.5488298313271784,2.8913857272558725
2.7745267340074595,1.0057846975233076,0.02776075215976761,-0.5589862362310123,2.7601088213140463
2.774699877916932,1.0056819717339445,0.026451345957085644,-0.5691426411346706,2.6301899308664756
2.774873021826404,1.0055792459445803,0.02515804146520063,-0.5792990460384385,2.5018457338554843
2.7750461657358767,1.0054765201552158,0.023883454581480994,-0.5894554509422285,2.3753368778610655
2.7752193096453492,1.0053737943658518,0.022630748111459847,-0.5996118558459745,2.250978515481835
2.775392453554822,1.005271068576487,0.021403764210549212,-0.6097682607498084,2.1291535069101304
2.775565597464294,1.0051683427871243,0.020207189058231722,-0.6199246656534227,2.010328837277282
2.7757387413737664,1.0050656169977592,0.019046754627680944,-0.6300810705572785,1.8950757349132767
2.775911885283239,1.0049628912083957,0.017929479608087263,-0.6402374754609806,1.7840936978805606
2.776085029192711,1.004860165419032,0.01686394441239667,-0.6503938803647047,1.6782379273004935
2.7762581731021836,1.004757439629668,0.015860580324491856,-0.6605502852684507,1.578548184757679
2.776431317011656,1.0046547138403037,0.014931925538010074,-0.6707066901722187,1.4862743719115818
2.7766044609211282,1.00455198805094,0.014092756908196492,-0.6808630950759428,1.4028897534252711
2.7767776048306008,1.0044492622615757,0.013359947575947327,-0.6910194999797108,1.3300768966534586
2.7769507487400733,1.0043465364722115,0.012751847166131189,-0.7011759048834788,1.269666066746476
2.7771238926495454,1.004243810682848,0.012286985717516968,-0.7113323097871809,1.2235062428875991
2.777297036559018,1.004141084893484,0.011982046355038625,-0.7214887146909269,1.193263231163342
2.7774701804684905,1.0040383591041193,0.011849382120764328,-0.7316451195947389,1.180172252715251
2.777643324377963,1.0039356333147558,0.011894758652080766,-0.741801524498441,1.1848128761808276
2.777816468287435,1.0048710155429796,0.010757880176781224,-0.6493211385269303,1.0705732387920683
2.7779896121969077,1.0050548620222746,0.011128770864593516,-0.6311444051534705,1.1072799391469312
2.77816275610638,1.0052387085015695,0.01190060157908612,-0.6129676717800107,1.1838582695273854
2.7783359000158523,1.0054225549808649,0.013002165852674866,-0.594790938406507,1.2932041148532143
2.778509043925325,1.0056064014601611,0.014357769245454477,-0.5766142050329155,1.4277722600618594
2.7786821878347974,1.0057902479394558,0.01590257779354815,-0.5584374716594777,1.5811028021128135
2.7788553317442695,1.0059740944187505,0.017586803154146707,-0.5402607382860398,1.7482361873650754
2.779028475653742,1.0061579408980459,0.019374120155882416,-0.522084004912536,1.9255545643847976
2.7792016195632145,1.0063417873773413,0.02123851784789401,-0.5039072715390324,2.1104676477009243
2.7793747634726866,1.006525633856636,0.023161389657460174,-0.4857305381655945,2.3011226816662633
2.779547907382159,1.0067094803359318,0.025129316013039,-0.46755380479204695,2.4961835071478147
2.7797210512916317,1.0068933268152274,0.027132495234138194,-0.4493770714185213,2.6946742531264403
2.7798941952011043,1.0070771732945216,0.029163663931453553,-0.43120033804512736,2.8958718065318103
2.7800673391105764,1.0072610197738165,0.031217359146980147,-0.41302360467166754,3.0992323274844984
2.780240483020049,1.0074448662531126,0.03328941201411509,-0.39484687129809803,3.3043408259079246
2.7804136269295214,1.007628712732408,0.03537659698597865,-0.3766701379245943,3.510876232381984
2.7805867708389935,1.0078125592117022,0.037476385875637355,-0.3584934045512004,3.718586907167628
2.780759914748466,1.0079964056909982,0.039586773096834345,-0.3403166711776308,3.927273239600191
2.7809330586579386,1.008180252170293,0.04170614981114536,-0.322139937804193,4.136775117481742
2.7811062025674107,1.0083640986495879,0.043833212086813275,-0.3039632044307332,4.346962783137082
2.7812793464768832,1.0085479451288832,0.045966893016112585,-0.2857864710572295,4.557730075017746
2.781452490386356,1.0087317916081786,0.04810631192671919,-0.2676097376837258,4.768989371300108
2.781625634295828,1.0089156380874738,0.0502507359424237,-0.24943300431024407,4.980667763033218
2.7817987782053004,1.009099484566769,0.052399550572967614,-0.23125627093676232,5.192704126240241
2.781971922114773,1.0092833310460643,0.05455223698137104,-0.21307953756325862,5.405046858827122
2.7821450660242455,1.00946717752536,0.05670835424364934,-0.194902804189711,5.617652114521048
2.7823182099337176,1.0096510240046541,0.058867525379473894,-0.17672607081633904,5.83048241222826
2.78249135384319,1.0098348704839502,0.06102942625907839,-0.15854933744276947,6.043505531734197
2.7826644977526627,1.0051240902071301,0.01660859397902802,-0.6242998777908912,1.652392390237649
2.7828376416621348,1.0052035318208197,0.016327304896972438,-0.6164455580544984,1.6242785048115833
2.7830107855716073,1.0052829734345103,0.016333795303241933,-0.6085912383179958,1.6247957773957074
2.78318392948108,1.0053624150482001,0.016627728208891444,-0.600736918581581,1.6539039017182933
2.783357073390552,1.00544185666189,0.017194368681062666,-0.592882598845166,1.7101305826026287
2.7835302173000245,1.0055212982755806,0.018007991999746623,-0.5850282791086634,1.790911045905188
2.783703361209497,1.00560073988927,0.019036956951062774,-0.5771739593722925,1.893092973773965
2.783876505118969,1.00568018150296,0.020248461092666047,-0.5693196396358557,2.0134095774270215
2.7840496490284417,1.00575962311665,0.02161182814703474,-0.561465319899419,2.148806499117947
2.784222792937914,1.0058390647303395,0.023100185013626276,-0.553611000163026,2.296608455928218
2.7843959368473867,1.0059185063440297,0.02469093906763399,-0.5457566804265673,2.4545665391297167
2.784569080756859,1.005997947957719,0.02636556255781929,-0.5379023606901964,2.620836614164486
2.7847422246663314,1.006077389571409,0.028109069684182093,-0.5300480409537596,2.7939271844839504
2.784915368575804,1.0061568311850992,0.029909416587442447,-0.5221937212173008,2.9726396184393757
2.785088512485276,1.0062362727987897,0.03175693775008691,-0.5143394014808201,3.1560120230765256
2.7852616563947485,1.0063157144124792,0.033643862478852496,-0.5064850817444273,3.343271102399003
2.785434800304221,1.0063951560261688,0.03556391938889799,-0.49863076200803436,3.5337927826804085
2.785607944213693,1.0064745976398588,0.03751202120220666,-0.49077644227159756,3.727070836181141
2.7857810881231657,1.0065540392535486,0.039484017014748754,-0.48292212253518274,3.92269222266792
2.7859542320326383,1.0066334808672384,0.041476498853425255,-0.4750678027987679,4.120317835811727
2.7861273759421104,1.006712922480929,0.04348665090836499,-0.46721348306226523,4.319667497780509
2.786300519851583,1.0067923640946186,0.04551213189782799,-0.4593591633258724,4.52050825184355
2.7864736637610554,1.006871805708309,0.04755098300893087,-0.4515048435893917,4.722645200644976
2.786646807670528,1.0069512473219984,0.049601555549367786,-0.44365052385302073,4.925914306306671
2.78681995158,1.007030688935688,0.051662453806307976,-0.4357962041166279,5.130176704039583
2.7869930954894726,1.0071101305493784,0.05373248967089066,-0.4279418843801472,5.335314186699681
2.787166239398945,1.0071895721630677,0.05581064640144276,-0.4200875646437762,5.541225598829652
2.7873393833084172,1.0072690137767575,0.057896049518355024,-0.4122332449073614,5.747823940426168
2.78751252721789,1.0090224415226996,0.05860754419109089,-0.23887344628707693,5.808348930539858
2.7876856711273623,1.0088280871977768,0.05633700958680797,-0.2580890807536618,5.584401376382706
2.7878588150368344,1.0086337328728545,0.05407296693825348,-0.2773047152202028,5.36101115557968
2.788031958946307,1.0084393785479318,0.051816267224429544,-0.29652034968678764,5.1382629761087495
2.7882051028557795,1.008245024223009,0.049567913370333026,-0.3157359841533725,4.9162566816069235
2.7883782467652516,1.008050669898087,0.047329094793288146,-0.33495161861989153,4.695110693004457
2.788551390674724,1.0078563155731646,0.0451012315049381,-0.3541672530864325,4.474966402258359
2.7887245345841967,1.0076619612482411,0.04288603087042806,-0.37338288755308324,4.255993827265544
2.788897678493669,1.0074676069233186,0.04068556126716107,-0.3925985220196461,4.038398950752346
2.7890708224031413,1.0072732525983967,0.03850234848260916,-0.4118141564861432,3.822433325146595
2.789243966312614,1.0070788982734735,0.036339502926918184,-0.431029790952772,3.6084067483906455
2.7894171102220864,1.0068845439485516,0.03420088885573056,-0.45024542541926904,3.3967041267323403
2.7895902541315585,1.0066901896236289,0.03209135109832933,-0.4694610598858539,3.1878080693651456
2.789763398041031,1.006495835298706,0.030017020560965023,-0.48867669435246075,2.982329335923842
2.7899365419505036,1.0063014809737836,0.027985727123765645,-0.5078923288190017,2.7810479913717563
2.7901096858599757,1.0061071266488613,0.026007556847615017,-0.5271079632855427,2.5849689519883348
2.790282829769448,1.0059127723239383,0.024095597003706205,-0.5463235977521496,2.3953962676146037
2.7904559736789207,1.0057184179990157,0.022266909709149657,-0.5655392322187124,2.214030220650831
2.790629117588393,1.0055240636740934,0.02054374435864427,-0.5847548666852534,2.043088286080325
2.7908022614978654,1.0053297093491704,0.018954901418850735,-0.6039705011518602,1.8854412878260352
2.790975405407338,1.0051353550242477,0.017536927740362408,-0.6231861356184452,1.7447329509108105
2.7911485493168104,1.0049410006993247,0.016334383140797062,-0.642401770085052,1.625407176085978
2.7913216932262825,1.0047466463744033,0.015397824581979155,-0.6616174045515051,1.5325081837836159
2.791494837135755,1.0045522920494803,0.014777909945986193,-0.6808330390181119,1.471094144420935
2.7916679810452276,1.0043579377245577,0.014515265555038064,-0.7000486734846748,1.4452283403985835
2.7918411249546997,1.0041635833996359,0.014629146835758043,-0.7192643079511719,1.4568489713827786
2.7920142688641723,1.003969229074713,0.01511104335902653,-0.7384799424177567,1.5051301296308954
2.792187412773645,1.0037748747497905,0.015927586662828435,-0.7576955768843197,1.5867688127578088
2.792360556683117,1.0092192592243008,0.0654948126549123,-0.2194142600198063,6.489651486164908
2.7925337005925894,1.0091388698207127,0.06365654606122108,-0.22736228687719673,6.3080065553842495
2.792706844502062,1.0090584804171252,0.06184112993147981,-0.2353103137345213,6.128597215288839
2.792879988411534,1.0089780910135389,0.060050636707498994,-0.2432583405917361,5.951629400315018
2.7930531323210066,1.0088977016099512,0.05828736320820166,-0.25120636744908265,5.777331350362822
2.793226276230479,1.0088173122063637,0.05655385551462533,-0.2591543943064072,5.605956086433286
2.7933994201399517,1.008736922802776,0.054852935749957095,-0.2671024211637537,5.437784075311547
2.793572564049424,1.008656533399189,0.0531877304481464,-0.2750504480210344,5.27312605301855
2.7937457079588963,1.0085761439956016,0.05156169996301004,-0.28299847487835894,5.1123259527775335
2.793918851868369,1.0084957545920141,0.04997866803889201,-0.29094650173568354,4.955763850400226
2.794091995777841,1.008415365188427,0.04844285022399017,-0.29889452859298615,4.803858796314395
2.7942651396873135,1.0083349757848397,0.04695887924260146,-0.30684255545028877,4.6570713473517
2.794438283596786,1.0082545863812522,0.045531824745270386,-0.31479058230761336,4.515905542139869
2.794611427506258,1.0081741969776647,0.04416720403832024,-0.3227386091649379,4.3809099826920805
2.7947845714157307,1.008093807574077,0.04287097950253047,-0.33068663602228443,4.2526775961154994
2.794957715325203,1.0080134181704898,0.041649537542038435,-0.33863466287958705,4.131843563911176
2.7951308592346753,1.0079330287669028,0.04050964322776347,-0.34658268973686773,4.019080838865123
2.795304003144148,1.0078526393633154,0.03945836456863044,-0.35453071659419233,3.9150926462381674
2.7954771470536204,1.007772249959727,0.03850296089181615,-0.3624787434516047,3.8206014199492815
2.795650290963093,1.0076918605561407,0.03765073151292023,-0.3704267703088195,3.736333792766864
2.795823434872565,1.0076114711525528,0.036908824046492185,-0.378374797166188,3.6630015738381934
2.7959965787820376,1.0075310817489653,0.036284006456663305,-0.38632282402351253,3.601279118226128
2.79616972269151,1.0074506923453788,0.03578241299318641,-0.3942708508807493,3.5517780934651757
2.796342866600982,1.0073703029417909,0.035409280671856204,-0.40221887773811776,3.515021295391737
2.7965160105104547,1.007289913538204,0.035168698565585965,-0.4101669045953765,3.4914177232304926
2.7966891544199273,1.0072095241346168,0.035063395199428596,-0.41811493145267914,3.4812414258646602
2.7968622983293994,1.0071291347310285,0.03509458832984174,-0.4260629583100915,3.484616532239867
2.797035442238872,1.0070487453274424,0.03526191571917661,-0.43401098516728437,3.501510317428694
2.7972085861483444,1.0066275404482194,0.0232592947467511,-0.4756551265976653,2.310615775164911
2.7973817300578165,1.006712562861717,0.022707444394596293,-0.4672490382850627,2.2556035587802046
2.797554873967289,1.0067975852752153,0.022364308494471335,-0.4588429499723943,2.2213311614526656
2.7977280178767616,1.0068826076887145,0.022239549964487147,-0.450436861659638,2.2087530159586066
2.797901161786234,1.0069676301022117,0.022336828232647432,-0.4420307733470793,2.2182270377827487
2.7980743056957063,1.00705265251571,0.022653283052384707,-0.4336246850344109,2.2494636199800206
2.798247449605179,1.0071376749292082,0.023179939501495408,-0.4252185967217424,2.3015661193614596
2.7984205935146513,1.0072226973427059,0.023902907400970123,-0.4168125084091398,2.373150194493403
2.7985937374241234,1.0073077197562035,0.024805027591809484,-0.4084064200965372,2.4625074448762283
2.798766881333596,1.0073927421697024,0.025867563281578056,-0.4000003317838029,2.5677734411571214
2.7989400252430685,1.007477764583201,0.027071632590357372,-0.3915942434711125,2.68706998228959
2.7991131691525406,1.0075627869966983,0.02839923901749464,-0.38318815515853183,2.8186073745484315
2.799286313062013,1.0076478094101968,0.029833894937190072,-0.3747820668458414,2.9607462705300427
2.7994594569714857,1.0077328318236953,0.031360912329819704,-0.366375978533151,3.1120264557686212
2.7996326008809578,1.0078178542371927,0.0329674594392492,-0.3579698902205704,3.2711723949564218
2.7998057447904303,1.0079028766506912,0.03464247344349903,-0.34956380190788,3.437084489590664
2.799978888699903,1.0079878990641893,0.03637649756880627,-0.3411577135952335,3.6088228442601364
2.8001520326093754,1.0080729214776878,0.038161488560432735,-0.3327516252825431,3.7855881005605787
2.8003251765188475,1.0081579438911854,0.039990622245811173,-0.3243455369699405,3.966702091485729
2.80049832042832,1.008242966304684,0.04185811212598449,-0.3159394486572501,4.1515897977844425
2.8006714643377926,1.008327988718182,0.04375904773393324,-0.3075333603446036,4.339763273809459
2.8008446082472647,1.0084130111316798,0.04568925465680295,-0.29912727203197903,4.53080772981387
2.801017752156737,1.0084980335451783,0.047645175498606376,-0.2907211837192886,4.724369697689846
2.8011908960662097,1.0085830559586764,0.0496237698102094,-0.2823150954066421,4.920147083280227
2.801364039975682,1.0086680783721742,0.05162243055828158,-0.2739090070940176,5.117880863404714
2.8015371838851544,1.0087531007856725,0.05363891467953005,-0.26550291878134913,5.317348183391268
2.801710327794627,1.0088381231991708,0.055671285452520716,-0.2570968304686807,5.518356629503558
2.801883471704099,1.0040408013894655,0.010475594920940877,-0.7314036530747939,1.043343548035496
2.8020566156135716,1.0040985273124328,0.010295313208258307,-0.7256963438321206,1.0253289819889202
2.802229759523044,1.004156253235401,0.01013473805675396,-0.7199890345893594,1.0092789866218268
2.8024029034325166,1.0042139791583682,0.00999481931884112,-0.714281725346686,0.9952878097970493
2.8025760473419887,1.004271705081336,0.009876434947283921,-0.7085744161039687,0.9834425183256585
2.8027491912514613,1.0043294310043043,0.009780366947817426,-0.7028671068611855,0.9738206056589723
2.802922335160934,1.0043871569272715,0.009707277904457632,-0.6971597976185121,0.9664876574243714
2.803095479070406,1.0044448828502393,0.00965768954301019,-0.6914524883757949,0.9614952206840136
2.8032686229798784,1.0045026087732074,0.009631964836851612,-0.6857451791330337,0.958879026567693
2.803441766889351,1.004560334696175,0.00963029502361723,-0.6800378698903383,0.9586577023798051
2.803614910798823,1.0046180606191433,0.009652692587037544,-0.6743305606475551,0.9608320779230882
2.8037880547082956,1.0046757865421099,0.009698990794519607,-0.6686232514049476,0.9653851445849576
2.803961198617768,1.0047335124650776,0.009768849829887155,-0.6629159421622304,0.9722826708466838
2.8041343425272403,1.0047912383880455,0.00986176900358017,-0.657208632919491,0.9814744224283932
2.804307486436713,1.0048489643110137,0.009977104042529095,-0.6515013236767299,0.9928958875297257
2.8044806303461853,1.0049066902339812,0.010114088124260618,-0.6457940144340345,1.0064703740708172
2.804653774255658,1.0049644161569489,0.010271855159101126,-0.6400867051913173,1.0221113299097084
2.80482691816513,1.0050221420799168,0.01044946384022494,-0.634379395948578,1.0397247386609345
2.8050000620746025,1.0050798680028843,0.010645921143854908,-0.6286720867058827,1.0592114599816418
2.805173205984075,1.0051375939258518,0.01086020422315202,-0.6229647774631873,1.0804694092412155
2.805346349893547,1.0051953198488197,0.011091279946441298,-0.617257468220448,1.1033955020910178
2.8055194938030197,1.0052530457717876,0.011338121636606678,-0.6115501589777088,1.1278873199435855
2.805692637712492,1.0053107716947556,0.011599722839664295,-0.6058428497349696,1.1538444793652665
2.8058657816219643,1.005368497617723,0.011875108167167853,-0.6001355404922742,1.1811697099428307
2.806038925531437,1.0054262235406908,0.012163341412672906,-0.5944282312495569,1.2097696606558264
2.8062120694409094,1.0054839494636585,0.012463531240179652,-0.5887209220068397,1.2395554644932825
2.8063852133503815,1.0055416753866262,0.012774834791220862,-0.5830136127641223,1.2704430958874973
2.806558357259854,1.005599401309594,0.013096459568350637,-0.5773063035214051,1.302353556624546
2.8067315011693266,1.003484301532424,0.013364918672795427,-0.7864242853034132,1.331851295768735
2.806904645078799,1.0035086249765341,0.013206391081665452,-0.7840194486157013,1.316021681624736
2.807077788988271,1.0035329484206457,0.01306492732379865,-0.7816146119278576,1.3018932108168602
2.8072509328977437,1.0035572718647567,0.012941087004311532,-0.779209775240058,1.2895215218026466
2.8074240768072163,1.0035815953088676,0.012835380244969883,-0.7768049385522803,1.2789573169702857
2.8075972207166884,1.0036059187529787,0.012748258136528036,-0.7744001018644805,1.270245411901144
2.807770364626161,1.0036302421970897,0.01268010375749816,-0.7719952651766808,1.2634238412086511
2.8079435085356335,1.003654565641201,0.012631224144518505,-0.7695904284888592,1.2585230593205983
2.8081166524451056,1.0036788890853117,0.01260184358655506,-0.7671855918011034,1.2555652732757554
2.808289796354578,1.0037032125294227,0.012592098573062021,-0.7647807551133037,1.2545639404031392
2.8084629402640506,1.003727535973534,0.012602034655967443,-0.762375918425482,1.2555234567461073
2.8086360841735227,1.0037518594176444,0.012631605391615041,-0.7599710817377482,1.258439052749913
2.8088092280829953,1.003776182861756,0.012680673419481136,-0.7575662450499046,1.2632969018380833
2.808982371992468,1.0038005063058664,0.012749013619742308,-0.7551614083621707,1.2700744360710232
2.8091555159019403,1.0038248297499777,0.012836318182562978,-0.7527565716743491,1.2787408522022827
2.8093286598114124,1.003849153194089,0.012942203328428803,-0.7503517349865274,1.2892577821327798
2.809501803720885,1.0038734766381998,0.013066217348857274,-0.7479468982987497,1.30158009479579
2.8096749476303575,1.0038978000823107,0.01320784959497746,-0.7455420616109719,1.3156567923442541
2.8098480915398296,1.0039221235264224,0.013366540028828887,-0.7431372249231064,1.3314319622598785
2.810021235449302,1.0039464469705328,0.013541688966440474,-0.7407323882353725,1.3488457484264538
2.8101943793587747,1.0039707704146443,0.01373266667796641,-0.7383275515475289,1.3678353078242267
2.810367523268247,1.0039950938587547,0.013938822562010374,-0.7359227148597951,1.3883357246735044
2.8105406671777193,1.0040194173028658,0.014159493671918008,-0.7335178781719953,1.410280859901612
2.810713811087192,1.0040437407469767,0.014394012434958676,-0.7311130414842176,1.433604120100384
2.810886954996664,1.0040680641910884,0.014641713465751447,-0.728708204796352,1.4582391361632752
2.8110600989061365,1.0040923876351986,0.014901939429194764,-0.7263033681086402,1.4841203471616056
2.811233242815609,1.00411671107931,0.015174045953284655,-0.7238985314207965,1.5111834895143113
2.8114063867250816,1.004141034523421,0.01545740562760068,-0.7214936947330188,1.5393659950304666
2.8115795306345537,1.0078223843591585,0.058154265840153985,-0.357522001202315,5.770289164308688
2.811752674544026,1.0077218019238794,0.056065259678856866,-0.3674664946466997,5.563565219271885
2.8119258184534988,1.0076212194886003,0.05398011377152574,-0.3774109880910845,5.357183108839487
2.812098962362971,1.0075206370533218,0.05189929339784378,-0.38735548153540333,5.151189116049547
2.8122721062724434,1.0074200546180427,0.04982334051508742,-0.39729997497978803,4.945637153707213
2.812445250181916,1.0073194721827634,0.04775288993818155,-0.4072444684241947,4.740590374442547
2.812618394091388,1.0072188897474847,0.045688689708648283,-0.41718896186853555,4.5361231976202
2.8127915380008606,1.0071183073122063,0.04363162694212247,-0.4271334553128544,4.332323881448088
2.812964681910333,1.0070177248769272,0.04158276090423531,-0.43707794875723915,4.129297814426986
2.813137825819805,1.0069171424416479,0.039543365710322576,-0.44702244220164583,3.9271717645440885
2.8133109697292777,1.006816560006369,0.03751498595841723,-0.4569669356460086,3.726099415585687
2.8134841136387503,1.0067159775710897,0.03549950990787082,-0.4669114290904153,3.526268649626553
2.813657257548223,1.0066153951358106,0.033499266684759575,-0.4768559225348,3.3279112207736423
2.813830401457695,1.006514812700532,0.03151715668669107,-0.4868004159791408,3.1313157331613324
2.8140035453671675,1.006414230265252,0.02955682823458456,-0.4967449094236134,2.9368452219514545
2.81417668927664,1.0063136478299735,0.027622919060861076,-0.5066894028679323,2.7449611878391456
2.814349833186112,1.006213065394694,0.02572138899974353,-0.5166338963123609,2.5562567098703037
2.8145229770955846,1.0061124829594155,0.023859980703846977,-0.5265783897566797,2.3715023029695814
2.814696121005057,1.0060119005241372,0.022048857992617698,-0.5365228832009766,2.191709460010377
2.8148692649145293,1.0059113180888581,0.020301483464227915,-0.5464673766453614,2.018218017747223
2.815042408824002,1.005810735653579,0.018635797686084296,-0.5564118700897461,1.8528135588028591
2.8152155527334743,1.0057101532182997,0.017075722896084344,-0.5663563635341528,1.6978771509307695
2.8153886966429464,1.005609570783021,0.01565286880830508,-0.5763008569784936,1.5565552738441943
2.815561840552419,1.005508988347742,0.01440794655441499,-0.5862453504228784,1.4329008215123178
2.8157349844618915,1.0054084059124637,0.013390675053132923,-0.5961898438671752,1.3318642428675684
2.815908128371364,1.0053078234771844,0.012656068320025879,-0.606134337311582,1.2589246820193587
2.816081272280836,1.0052072410419048,0.012255063636823424,-0.6160788307560106,1.2191579145531184
2.8162544161903087,1.0051066586066264,0.012220545676966814,-0.6260233242003295,1.2158456589978308
2.8164275600997812,1.0057402572452547,0.013544674232428871,-0.5633800059039851,1.3467368075260344
2.8166007040092533,1.0057495692568437,0.0131863130315657,-0.5624593358293021,1.3110930826755582
2.816773847918726,1.005758881268432,0.012931420469829981,-0.561538665754685,1.2857376365915134
2.8169469918281984,1.0057681932800209,0.012786185985896899,-0.5606179956800021,1.2712855776636232
2.8171201357376705,1.00577750529161,0.012754356175897841,-0.5596973256052973,1.2681091104935687
2.817293279647143,1.0057868173031979,0.012836774655445358,-0.5587766555307241,1.276291798083457
2.8174664235566156,1.0057961293147866,0.013031273857340877,-0.5578559854560632,1.2956178173223458
2.8176395674660877,1.0058054413263748,0.013332949629869325,-0.5569353153814461,1.3255992741784048
2.81781271137556,1.005814753337963,0.013734741570833311,-0.5560146453068291,1.3655339141976486
2.8179858552850328,1.0058240653495516,0.014228170609738643,-0.5550939752321901,1.4145784635600225
2.8181589991945053,1.0058333773611403,0.014804076616911799,-0.554173305157529,1.471821968739108
2.8183321431039774,1.0058426893727286,0.015453241173171879,-0.553252635082912,1.5363477148508131
2.81850528701345,1.005852001384317,0.01616684179827314,-0.552331965008273,1.6072783844962588
2.8186784309229225,1.0058613133959058,0.016936735736318195,-0.5514112949336121,1.6838042691131831
2.8188515748323946,1.005870625407494,0.01775560175749045,-0.550490624858995,1.765197363259055
2.819024718741867,1.0058799374190828,0.018616978885863767,-0.549569954784334,1.8508152109715772
2.8191978626513396,1.0058892494306713,0.019515238778967235,-0.548649284709695,1.9400981559364285
2.8193710065608117,1.00589856144226,0.020445520757875712,-0.5477286146350341,2.032562878761937
2.8195441504702843,1.0059078734538482,0.021403649834052817,-0.546807944560417,2.1277942442742823
2.819717294379757,1.0059171854654365,0.022386050702928408,-0.5458872744858,2.2254367483114836
2.819890438289229,1.0059264974770254,0.02338966520980157,-0.544966604411117,2.3251863101792654
2.8200635821987015,1.005935809488614,0.024411877106780337,-0.544045934336478,2.426782790364185
2.820236726108174,1.0059451215002018,0.025450445611497674,-0.5431252642619049,2.530003383638117
2.820409870017646,1.0059544335117903,0.026503447935470992,-0.5422045941872659,2.634656904184752
2.8205830139271186,1.0059637455233787,0.027569230236081835,-0.5412839241126268,2.740578908411677
2.820756157836591,1.0059730575349675,0.02864636611944466,-0.5403632540379659,2.8476275686388264
2.8209293017460637,1.0059823695465562,0.029733621719961308,-0.5394425839633049,2.9556802007736636
2.821102445655536,1.0059916815581442,0.03082992640308079,-0.5385219138887098,3.0646303511505613
2.8212755895650083,1.0086098784273743,0.05656886852672575,-0.2796631824420348,5.608597509963713
2.821448733474481,1.0084314711099582,0.05444405488040388,-0.29730215085188516,5.3988849455956105
2.821621877383953,1.0082530637925426,0.052324009723064405,-0.31494111926169155,5.189571110872474
2.8217950212934255,1.008074656475127,0.05020933709410588,-0.332580087671498,4.980716137599352
2.821968165202898,1.0078962491577115,0.048100745582700374,-0.3502190560813044,4.772390573225932
2.82214130911237,1.0077178418402966,0.04599907146939137,-0.36785802449104493,4.564677686502778
2.8223144530218427,1.0075394345228803,0.04390530813844789,-0.3854969929009172,4.3576763979703905
2.8224875969313152,1.0073610272054652,0.0418206437739765,-0.40313596131067975,4.151505035884876
2.8226607408407878,1.007182619888049,0.03974651009660493,-0.420774929720552,3.9463061923192106
2.82283388475026,1.0070042125706338,0.03768464594900011,-0.4384138981303145,3.742253058981798
2.8230070286597324,1.0068258052532186,0.03563718103322621,-0.45605286654007704,3.5395577712932567
2.823180172569205,1.0066473979358026,0.03360674723831932,-0.47369183494992734,3.3384825021385036
2.823353316478677,1.006468990618387,0.0315966280501235,-0.4913308033597338,3.1393543511668587
2.8235264603881496,1.0062905833009719,0.029610960885911277,-0.5089697717694963,2.9425855093244895
2.823699604297622,1.0061121759835552,0.027655013312019604,-0.5266087401794125,2.748700788257991
2.823872748207094,1.0059337686661405,0.025735562442681183,-0.5442477085891311,2.5583754362681668
2.8240458921165668,1.005755361348725,0.023861417465144977,-0.5618866769989375,2.3724872252380194
2.8242190360260393,1.0055769540313089,0.022044136837322682,-0.5795256454087878,2.1921879522943337
2.8243921799355114,1.005398546713894,0.02029899875883939,-0.5971646138185284,2.0190002089406116
2.824565323844984,1.0052201393964788,0.01864627009811385,-0.6148035822282909,1.8549439438518245
2.8247384677544565,1.005041732079062,0.017112746208138643,-0.6324425506382291,1.702690113448191
2.8249116116639286,1.0048633247616474,0.0157333223843063,-0.6500815190479257,1.5657176450377694
2.825084755573401,1.0046849174442312,0.014551887848819922,-0.667720487457798,1.4484031357649678
2.8252578994828736,1.0045065101268162,0.0136200625157394,-0.6853594558675385,1.3558958930012215
2.825431043392346,1.0043281028093998,0.012991667412328692,-0.7029984242774328,1.2935680457399523
2.8256041873018183,1.004149695491985,0.012711781843014022,-0.7206373926871513,1.2659249811140816
2.825777331211291,1.0039712881745693,0.012803281975652383,-0.7382763610969797,1.2752637576848875
2.8259504751207634,1.0037928808571532,0.013258480958377046,-0.75591532950683,1.3208383134830999
2.8261236190302355,1.0034285996368704,0.013416086714428312,-0.7919314808056441,1.3370245495577309
2.826296762939708,1.003453077336473,0.013281573899525846,-0.7895113930183891,1.3235869418807247
2.8264699068491805,1.003477555036075,0.013157302590412243,-0.7870913052311781,1.3111705911488212
2.8266430507586526,1.0035020327356774,0.013043565515240631,-0.7846712174439451,1.2998045932883835
2.826816194668125,1.0035265104352797,0.01294064043750034,-0.7822511296567121,1.2895165501793604
2.8269893385775977,1.0035509881348823,0.012848787188001812,-0.7798310418694571,1.2803322740861944
2.8271624824870702,1.003575465834485,0.012768244717268158,-0.7774109540821801,1.2722754941653749
2.8273356263965423,1.0035999435340879,0.012699228236595073,-0.7749908662949032,1.2653675718509778
2.827508770306015,1.0036244212336896,0.012641926520028988,-0.772570778507736,1.2596272323155606
2.8276819142154874,1.0036488989332923,0.012596499440641718,-0.770150690720459,1.255070319314817
2.8278550581249595,1.0036733766328942,0.012563075812314441,-0.76773060293327,1.251709580507239
2.828028202034432,1.003697854332497,0.012541751602604274,-0.765310515145993,1.2495544897767155
2.8282013459439046,1.0037223320320994,0.012532588573175525,-0.76289042735876,1.248611112179053
2.8283744898533767,1.0037468097317017,0.012535613392058175,-0.760470339571527,1.2488820159148406
2.8285476337628492,1.0037712874313043,0.012550817247231477,-0.758050251784272,1.2503662342593582
2.8287207776723218,1.003795765130907,0.01257815597451606,-0.7556301639969951,1.2530592787344264
2.828893921581794,1.0038202428305092,0.01261755069546775,-0.753210076209784,1.2569532030844062
2.8290670654912664,1.0038447205301113,0.012668888943934328,-0.7507899884225729,1.2620367159219734
2.829240209400739,1.0038691982297143,0.01273202624417576,-0.7483699006352741,1.268295338339717
2.829413353310211,1.0038936759293169,0.012806788089861198,-0.7459498128480191,1.2757116014308783
2.8295864972196836,1.0039181536289192,0.012892972262532849,-0.7435297250607861,1.2842652775953796
2.829759641129156,1.003942631328521,0.012990351420722553,-0.7411096372736189,1.2939336387710096
2.8299327850386287,1.003967109028124,0.013098675887008278,-0.73868954948632,1.3046917343425986
2.8301059289481008,1.0039915867277265,0.01321767655980064,-0.736269461699065,1.3165126814339685
2.8302790728575733,1.0040160644273286,0.013347067879265416,-0.7338493739118539,1.3293679605493491
2.830452216767046,1.004040542126931,0.013486550782002421,-0.7314292861246209,1.3432277100517174
2.830625360676518,1.004065019826534,0.013635815586349319,-0.729009198337322,1.3580610136886446
2.8307985045859905,1.0040894975261363,0.013794544758778027,-0.726589110550089,1.373836176233778
2.830971648495463,1.0054585995761225,0.026409012735619405,-0.5912272422178992,2.626563912900324
2.831144792404935,1.0054151930810633,0.025480186233087412,-0.59551880271116,2.5342949269549213
2.8313179363144076,1.0053717865860043,0.024564716880065264,-0.5998103632043988,2.443346551774743
2.83149108022388,1.005328380090945,0.02366415492776101,-0.6041019236976816,2.3538731618837105
2.8316642241333527,1.0052849735958858,0.022780268427188298,-0.6083934841909423,2.266050823947333
2.831837368042825,1.0052415671008275,0.02191507515175088,-0.6126850446841153,2.180080477069325
2.8320105119522974,1.0051981606057676,0.02107087792004141,-0.616976605177442,2.0961914521752965
2.83218365586177,1.0051547541107086,0.020250302759663944,-0.6212681656706808,2.0146452749537067
2.832356799771242,1.0051113476156497,0.019456338697639377,-0.6255597261639196,1.9357396316133721
2.8325299436807145,1.0050679411205905,0.018692376983646227,-0.6298512866571804,1.8598122792380927
2.832703087590187,1.005024534625532,0.01796224616250984,-0.6341428471503754,1.7872445441545861
2.832876231499659,1.0049811281304726,0.017270237555658458,-0.6384344076436581,1.7184638668574417
2.8330493754091317,1.0049377216354132,0.016621113421713116,-0.6427259681369408,1.653944624017525
2.8332225193186042,1.0048943151403544,0.01602008756681412,-0.6470175286301577,1.5942062090953892
2.8333956632280763,1.0048509086452952,0.015472766011341933,-0.6513090891234186,1.5398071373793925
2.833568807137549,1.0048075021502363,0.014985034486360104,-0.6556006496166573,1.4913338579074005
2.8337419510470214,1.0047640956551769,0.014562881486691779,-0.65989221010994,1.4493831487077329
2.8339150949564935,1.0047206891601177,0.014212151981872619,-0.6641837706032009,1.4145376058447716
2.834088238865966,1.0046772826650594,0.013938238727995642,-0.6684753310963738,1.3873349152498344
2.8342613827754386,1.0046338761699993,0.013745734678208861,-0.6727668915897225,1.3682332443946847
2.834434526684911,1.0045904696749406,0.013638087584819018,-0.6770584520829394,1.357576843152011
2.8346076705943832,1.0045470631798823,0.013617310021477756,-0.6813500125761123,1.355567152660057
2.8347808145038558,1.0045036566848224,0.013683797703607108,-0.685641573069439,1.3622446879653916
2.8349539584133283,1.004460250189764,0.013836292678597541,-0.6899331335626339,1.3774853386167916
2.8351271023228004,1.0044168436947047,0.01407199910121962,-0.6942246940558947,1.4010118597231371
2.835300246232273,1.0043734371996456,0.014386827671311622,-0.6985162545491554,1.4324181761939472
2.8354733901417455,1.0043300307045866,0.014775721650927068,-0.7028078150423943,1.4712018160565383
2.8356465340512176,1.0042866242095279,0.01523300949548901,-0.7070993755356112,1.5167990022249758
2.83581967796069,1.0087959498465038,0.056044821113858174,-0.26126647130070857,5.555615198731303
2.8359928218701627,1.0086587351272511,0.054013090232722355,-0.2748327651799,5.354941998882122
2.836165965779635,1.0085215204079978,0.05198523115121703,-0.2883990590591573,5.154598102198789
2.8363391096891073,1.0083843056887454,0.04996171532039961,-0.30196535293832677,4.954630396223275
2.83651225359858,1.0082470909694927,0.047943092685190085,-0.3155316468175182,4.755093579202871
2.8366853975080524,1.0081098762502396,0.04593000841757179,-0.3290979406967536,4.556051825264605
2.8368585414175245,1.007972661530987,0.04392322402567437,-0.342664234575945,4.357580885076821
2.837031685326997,1.0078354468117336,0.041923644199113735,-0.35623052845520237,4.159770757392817
2.8372048292364695,1.0076982320924806,0.03993235124071217,-0.3697968223344377,3.9627291156195477
2.8373779731459416,1.0075610173732281,0.0379506496234667,-0.3833631162136072,3.7665857421128015
2.837551117055414,1.0074238026539748,0.03598012418860823,-0.39692941009286453,3.571498320153004
2.8377242609648867,1.007286587934722,0.034022716895709945,-0.4104957039720779,3.3776600724395642
2.837897404874359,1.007149373215469,0.03208082903943289,-0.4240619978512913,3.185309934415214
2.8380705487838314,1.007012158496216,0.03015745873415219,-0.43762829173052664,2.9947462381374526
2.838243692693304,1.0068749437769637,0.028256387619444254,-0.4511945856096742,2.8063452958169375
2.838416836602776,1.00673772905771,0.026382436654944177,-0.46476087948897543,2.6205868612511134
2.8385899805122485,1.0066005143384573,0.0245418191044826,-0.4783271733681669,2.438089267281132
2.838763124421721,1.0064632996192036,0.022742629676789135,-0.4918934672474681,2.2596581202110237
2.8389362683311936,1.0063260848999507,0.020995521494533338,-0.5054597611266815,2.0863536988232516
2.8391094122406657,1.0061888701806978,0.01931463278431237,-0.5190260550058948,1.9195832270380537
2.8392825561501382,1.0060516554614454,0.017718819230171365,-0.5325923488850643,1.7612236045717038
2.839455700059611,1.0059144407421925,0.016233190345202177,-0.5461586427642777,1.6137744610987854
2.839628843969083,1.0057772260229394,0.014890761606081614,-0.5597249366435131,1.4805228454975965
2.8398019878785554,1.0056400113036859,0.013733589923543083,-0.5732912305227924,1.3656566732800548
2.839975131788028,1.0055027965844336,0.01281197103182613,-0.58685752440194,1.2741855194582037
2.8401482756975,1.0053655818651805,0.012179495465991506,-0.6004238182811753,1.2114494155843079
2.8403214196069726,1.0052283671459277,0.011882424687126377,-0.6139901121603887,1.1820622134712822
2.840494563516445,1.0050911524266741,0.011945807701355803,-0.6275564060396679,1.1885297838423965
2.8406677074259177,1.0032860695470749,0.012745432937979967,-0.8060233005121922,1.2703687736573266
2.8408408513353898,1.003323505195879,0.012599916031579644,-0.8023220721308482,1.2558178858891338
2.8410139952448623,1.003360940844685,0.012464467318234057,-0.7986208437493285,1.242271530695701
2.841187139154335,1.0033983764934888,0.012339418355415167,-0.7949196153680284,1.2297626390962413
2.841360283063807,1.0034358121422937,0.012225088280693913,-0.7912183869866185,1.2183228994581983
2.8415334269732795,1.003473247791099,0.012121780392736013,-0.7875171586051647,1.2079824170120277
2.841706570882752,1.0035106834399041,0.012029778659927335,-0.7838159302237329,1.198769366230444
2.841879714792224,1.0035481190887094,0.01194934423397936,-0.780114701842279,1.1907096437817237
2.8420528587016967,1.0035855547375143,0.011880712055074297,-0.7764134734608691,1.183826530681948
2.842226002611169,1.003622990386319,0.01182408764121798,-0.7727122450794812,1.1781403728771298
2.8423991465206413,1.0036604260351245,0.011779644156636751,-0.7690110166980054,1.173668289699459
2.842572290430114,1.0036978616839287,0.011747519851650836,-0.7653097883166614,1.1704239193995822
2.8427454343395864,1.0037352973327334,0.011727815959122083,-0.7616085599352735,1.1684172102233412
2.8429185782490585,1.003772732981539,0.011720595120355923,-0.7579073315537977,1.1676542642817023
2.843091722158531,1.0038101686303438,0.011725880396701444,-0.7542061031723879,1.16813723980311
2.8432648660680035,1.0038476042791482,0.011743654902897468,-0.7505048747910219,1.1698643153440063
2.843438009977476,1.0038850399279537,0.011773862075679003,-0.7468036464095461,1.1728297172875475
2.843611153886948,1.0039224755767584,0.011816406567736163,-0.7431024180281582,1.177023809627091
2.8437842977964207,1.0039599112255642,0.011871155734347471,-0.7394011896466605,1.1824332427632487
2.8439574417058933,1.0039973468743684,0.011937941659364393,-0.7356999612653164,1.1890411559880552
2.8441305856153654,1.0040347825231732,0.012016563649970984,-0.7319987328839066,1.1968274266129462
2.844303729524838,1.0040722181719781,0.012106791116699276,-0.7282975045024968,1.205768957410354
2.8444768734343104,1.0041096538207832,0.012208366747077093,-0.7245962761210648,1.215839993234054
2.8446500173437825,1.0041470894695879,0.012321009878132701,-0.7208950477396769,1.2270124573722485
2.844823161253255,1.0041845251183934,0.01244441997447533,-0.7171938193582011,1.239256298339006
2.8449963051627276,1.004221960767198,0.012578280124220546,-0.7134925909768133,1.2525398383651245
2.8451694490722,1.0042593964160031,0.01272226047382175,-0.7097913625953814,1.26683011572756
2.8453425929816722,1.0037574882132554,0.014092418065184995,-0.7594145678603748,1.4039664192463748
2.845515736891145,1.0037875368940867,0.013750848458107,-0.7564436822508697,1.3698963129841988
2.8456888808006173,1.003817585574918,0.01342585834820641,-0.7534727966413646,1.337479890882465
2.8458620247100894,1.00384763425575,0.013118679968991274,-0.7505019110317936,1.3068397554891313
2.846035168619562,1.0038776829365805,0.012830592681006931,-0.7475310254223764,1.2781031891728485
2.8462083125290345,1.0039077316174123,0.012562909919179308,-0.7445601398128274,1.2514008532376772
2.8463814564385066,1.0039377802982434,0.012316962101238373,-0.7415892542033442,1.2268650849636646
2.846554600347979,1.0039678289790748,0.01209407531991029,-0.7386183685938391,1.2046277749964
2.8467277442574517,1.0039978776599066,0.011895545929396973,-0.7356474829842902,1.184817836181369
2.8469008881669238,1.004027926340738,0.011722611515679474,-0.7326765973747851,1.1675583126859321
2.8470740320763963,1.0040579750215692,0.011576419187775067,-0.72970571176528,1.1529632228185211
2.847247175985869,1.0040880237024017,0.011457992596831309,-0.7267348261556651,1.1411342757163792
2.847420319895341,1.0041180723832328,0.011368199512737667,-0.7237639405461819,1.1321576441459433
2.8475934638048135,1.0041481210640635,0.011307722080427128,-0.7207930549367427,1.1261010047446682
2.847766607714286,1.0041781697448953,0.011277031959223955,-0.7178221693271937,1.1230110650671494
2.8479397516237586,1.0042082184257266,0.01127637236193212,-0.7148512837176886,1.1229117781579023
2.8481128955332307,1.0042382671065582,0.011305748544653773,-0.7118803981081615,1.1258033989511513
2.848286039442703,1.004268315787389,0.01136492759938861,-0.7089095124987004,1.131662467164268
2.8484591833521757,1.0042983644682215,0.01145344756822843,-0.7059386268890855,1.1404427183641843
2.848632327261648,1.004328413149053,0.011570635061714275,-0.7029677412795584,1.1520768416214338
2.8488054711711204,1.0043584618298838,0.011715629856691459,-0.6999968556701192,1.1664789317696642
2.848978615080593,1.0043885105107158,0.011887414471660276,-0.6970259700605482,1.1835474367997014
2.849151758990065,1.0044185591915469,0.012084846518573233,-0.6940550844510651,1.203168381147824
2.8493249028995375,1.0044486078723778,0.012306691700385003,-0.6910841988416039,1.2252186526947384
2.84949804680901,1.0044786565532098,0.012551655608468052,-0.688113313232033,1.2495691696962563
2.8496711907184826,1.0045087052340411,0.012818412892915357,-0.6851424276225279,1.2760877856134445
2.8498443346279547,1.004538753914873,0.013105632848028317,-0.6821715420129788,1.3046418365596397
2.8500174785374273,1.0045688025957047,0.01341200090500317,-0.6792006564034299,1.335100280871545
2.8501906224469,1.0024681340011588,0.015356552848919033,-0.8868918403494048,1.5318744135662754
2.850363766356372,1.0025374099285491,0.014906415408644246,-0.8800425927260449,1.4868687453475304
2.8505369102658444,1.0026066858559413,0.01447512790569316,-0.8731933451025093,1.4437493894562963
2.850710054175317,1.002675961783332,0.014064424554705779,-0.8663440974791056,1.4026889135440306
2.850883198084789,1.0027452377107233,0.013676159945013595,-0.8594948498556578,1.3638718420878662
2.8510563419942616,1.0028145136381148,0.013312297556991148,-0.8526456022321881,1.32749350711882
2.851229485903734,1.0028837895655058,0.01297489053009212,-0.8457963546087623,1.293758126822792
2.8514026298132062,1.0029530654928962,0.012666053249044013,-0.8389471069854024,1.2628759694571896
2.851575773722679,1.003022341420288,0.012387922673518122,-0.8320978593619107,1.2350594958808914
2.8517489176321513,1.0030916173476785,0.01214260902937395,-0.8252486117385289,1.2105184431189637
2.8519220615416234,1.0031608932750704,0.011932136545193334,-0.8183993641150152,1.1894539176300905
2.852095205451096,1.003230169202462,0.011758376318342265,-0.8115501164915236,1.1720517065081706
2.8522683493605685,1.0032994451298527,0.011622974979414245,-0.8047008688681417,1.158475172674887
2.852441493270041,1.0033687210572437,0.011527284316704875,-0.797851621244716,1.1488582486963161
2.852614637179513,1.0034379969846348,0.011472298055835908,-0.7910023736212902,1.1432991465651643
2.8527877810889857,1.003507272912026,0.011458602195007966,-0.7841531259978425,1.1418554209135763
2.852960924998458,1.003576548839418,0.011486344434269324,-0.7773038783743289,1.1445409368675126
2.8531340689079303,1.0036458247668087,0.011555226318840178,-0.770454630750925,1.1513251023113626
2.853307212817403,1.0037151006942002,0.011664519051992218,-0.7636053831274554,1.162134458665081
2.8534803567268754,1.0037843766215913,0.011813101064779131,-0.7567561355040295,1.1768564384851408
2.8536535006363475,1.0038536525489823,0.011999512966649646,-0.7499068878806038,1.195344852925575
2.85382664454582,1.0039229284763733,0.012222023920964716,-0.743057640257178,1.21742651495307
2.8539997884552926,1.003992204403765,0.012478703002724188,-0.7362083926336863,1.2429083560598801
2.854172932364765,1.0040614803311558,0.012767489618303412,-0.7293591450102825,1.2715844466110269
2.854346076274237,1.004130756258547,0.013086258300005928,-0.7225098973868348,1.3032424530811237
2.8545192201837097,1.0042000321859383,0.013432874750149575,-0.7156606497633871,1.3376692212316454
2.8546923640931823,1.0042693081133296,0.013805241556367689,-0.7088114021399393,1.3746553284898155
2.8548655080026544,1.0043385840407206,0.014201333297398894,-0.7019621545165136,1.4139985780754496
2.855038651912127,1.0025922535841116,0.01577252896836506,-0.8746202506273061,1.573174828748249
2.8552117958215995,1.0025315921347844,0.015481808559016659,-0.8806177926781409,1.5442713905952623
2.8553849397310715,1.0024709306854558,0.01520810310194642,-0.8866153347291074,1.5170617557506263
2.855558083640544,1.002410269236129,0.014952347011825408,-0.8926128767798983,1.4916394485084046
2.8557312275500166,1.0023496077868008,0.014715476202484905,-0.8986104188308208,1.4680981653673553
2.8559043714594887,1.0022889463374727,0.014498416329758724,-0.9046079608817434,1.4465306020522626
2.8560775153689613,1.0022282848881447,0.014302069422896654,-0.9106055029326441,1.4270271193247015
2.856250659278434,1.002167623438817,0.014127299139783951,-0.9166030449835229,1.4096742709875052
2.856423803187906,1.0021069619894893,0.013974915015619194,-0.9226005870344015,1.394553230912068
2.8565969470973784,1.002046300540162,0.01384565621066221,-0.9285981290852363,1.381738169503603
2.856770091006851,1.0019856390908333,0.013740175385167494,-0.9345956711362248,1.3712946422700079
2.8569432349163235,1.0019249776415062,0.013659023421450018,-0.9405932131870376,1.363278062355811
2.8571163788257956,1.001864316192178,0.01360263575714369,-0.9465907552379602,1.3577323333406783
2.857289522735268,1.001803654742851,0.013571321076319998,-0.952588297288773,1.3546887169026716
2.8574626666447407,1.0017429932935231,0.013565253019124037,-0.9585858393396737,1.3541650013966458
2.857635810554213,1.0016823318441952,0.013584465417909596,-0.9645833813905743,1.356165022188149
2.8578089544636853,1.0016216703948668,0.013628851360593589,-0.9705809234415189,1.3606785639153274
2.857982098373158,1.0015610089455391,0.013698166141099666,-0.9765784654923976,1.3676816508183893
2.85815524228263,1.0015003474962119,0.013792033909123804,-0.9825760075432324,1.377137206552589
2.8583283861921025,1.001439686046884,0.013909957605000892,-0.988573549594133,1.3889960422788432
2.858501530101575,1.0013790245975562,0.01405133158446796,-0.9945710916450117,1.403198113732714
2.8586746740110476,1.001318363148228,0.014215456219258503,-1.0005686336959343,1.419673976073297
2.8588478179205197,1.0012577016989004,0.014401553709509003,-1.006566175746813,1.4383463602899564
2.859020961829992,1.0011970402495718,0.014608784359944067,-1.0125637177977795,1.4591317965045607
2.8591941057394648,1.0011363788002452,0.014836262642729933,-1.0185612598485485,1.481942216554912
2.859367249648937,1.0010757173509166,0.015083072479902928,-1.0245588018995149,1.5066864792022234
2.8595403935584094,1.0010150559015891,0.015348281309814717,-1.0305563439503718,1.5332717744181086
2.859713537467882,1.000954394452261,0.015630952638839856,-1.0365538860012942,1.5616048768528936
2.859886681377354,0.9996122039970986,0.0162811302699043,-1.1692550295502673,1.6287446476545377
2.8600598252868266,0.9996947578495274,0.01599821914133998,-1.161093005614287,1.6003103963207945
2.860232969196299,0.999777311701958,0.01572858863080229,-1.1529309816781312,1.5732091983590757
2.860406113105771,0.9998598655543877,0.0154729330359054,-1.144768957742074,1.5475101630693213
2.8605792570152437,0.9999424194068172,0.015231956044583534,-1.1366069338060278,1.5232833160152752
2.8607524009247163,1.0000249732592466,0.015006364814589876,-1.1284449098699927,1.5005990066109705
2.8609255448341884,1.0001075271116762,0.014796863071169364,-1.1202828859339355,1.479527217828557
2.861098688743661,1.0001900809641064,0.014604143259336292,-1.1121208619978127,1.4601367817264315
2.8612718326531335,1.0002726348165354,0.014428877840130994,-1.1039588380618213,1.4424945097870703
2.861444976562606,1.0003551886689652,0.01427170988023343,-1.0957968141257421,1.4266642530462432
2.861618120472078,1.000437742521395,0.01413324314796908,-1.0876347901896632,1.412705913348409
2.8617912643815506,1.0005202963738247,0.014014031991100568,-1.079472766253606,1.4006744332815115
2.861964408291023,1.0006028502262545,0.013914571326831774,-1.071310742317527,1.390618797826274
2.8621375522004953,1.000685404078684,0.013835287115391443,-1.0631487183814918,1.3825810848244944
2.862310696109968,1.0007679579311135,0.01377652770893527,-1.0549866944454347,1.376595603381974
2.8624838400194403,1.0008505117835436,0.013738556461969727,-1.0468246705093336,1.3726881587428312
2.8626569839289124,1.0009330656359727,0.01372154595504176,-1.0386626465733204,1.3708754787037996
2.862830127838385,1.0010156194884026,0.013725574120153856,-1.0305006226372413,1.371164830291929
2.8630032717478575,1.001098173340832,0.013750622467847608,-1.0223385987012061,1.3735538465682624
2.86317641565733,1.001180727193262,0.013796576509143031,-1.0141765747651053,1.378030572743918
2.863349559566802,1.0012632810456916,0.013863228350060375,-1.0060145508290481,1.384573729257504
2.8635227034762747,1.0013458348981212,0.013950281323081815,-0.9978525268929909,1.3931531781426085
2.8636958473857472,1.0014283887505504,0.014057356419122936,-0.9896905029569777,1.4037305689587891
2.8638689912952193,1.0015109426029807,0.014184000204078614,-0.9815284790208547,1.4162601326365576
2.864042135204692,1.00159349645541,0.014329693851519646,-0.9733664550848196,1.4306895863672962
2.8642152791141644,1.0016760503078397,0.014493862899902876,-0.9652044311487624,1.4469611103758102
2.8643884230236365,1.001758604160269,0.014675887347550454,-0.9570424072127273,1.4650123579275485
2.864561566933109,1.0018411580126985,0.014875111727605226,-0.9488803832766921,1.4847774628377448
2.8647347108425816,1.0024200036559932,0.01729916875937174,-0.89165044358512,1.7257405774304964
2.8649078547520537,1.0025240391568986,0.017571618357339877,-0.881364548698339,1.7527378567517677
2.865080998661526,1.0026280746578053,0.01789242165561177,-0.8710786538114264,1.7845522290724214
2.8652541425709988,1.002732110158711,0.018259030170953913,-0.8607927589246235,1.8209280410960311
2.865427286480471,1.0028361456596164,0.01866874559098075,-0.8505068640378425,1.8615948050717064
2.8656004303899434,1.0029401811605223,0.01911879677629207,-0.8402209691510176,1.9062748841281165
2.865773574299416,1.0030442166614282,0.019606406286745866,-0.8299350742641928,1.954690128417728
2.8659467182088885,1.003148252162334,0.020128844821900194,-0.8196491793773679,2.0065673023415536
2.8661198621183606,1.0032522876632395,0.020683473337973664,-0.8093632844905869,2.0616422800439667
2.866293006027833,1.0033563231641447,0.021267773598960735,-0.7990773896038279,2.119663085581753
2.8664661499373056,1.0034603586650517,0.021879368534444332,-0.7887914947168932,2.1803919153868154
2.8666392938467777,1.003564394165957,0.02251603406798674,-0.7785055998301124,2.2436063095581797
2.8668124377562503,1.0036684296668634,0.023175704129775956,-0.7682197049432435,2.3090996433422153
2.866985581665723,1.0037724651677689,0.02385647045869293,-0.7579338100564625,2.3766810992076373
2.867158725575195,1.0038765006686747,0.024556578602430993,-0.7476479151696377,2.446175260211195
2.8673318694846675,1.0039805361695797,0.025274421291965096,-0.7373620202829007,2.517421442092186
2.86750501339414,1.0040845716704867,0.026008530133506277,-0.727076125395966,2.5902728582151315
2.867678157303612,1.0041886071713921,0.026757566347531774,-0.7167902305091851,2.664595690136611
2.8678513012130846,1.0042926426722976,0.027520311100260538,-0.7065043356224041,2.7402681181684674
2.868024445122557,1.0043966781732032,0.02829565582104576,-0.6962184407356012,2.8171793511414136
2.8681975890320297,1.0045007136741093,0.02908259277826577,-0.6859325458487544,2.8952286825055507
2.868370732941502,1.0046047491750145,0.029880206092747556,-0.6756466509619954,2.974324590570103
2.8685438768509743,1.004708784675921,0.030687663297475375,-0.6653607560751047,3.0543838936746224
2.868717020760447,1.0048128201768263,0.03150420750072543,-0.6550748611883457,3.1353309659386457
2.868890164669919,1.0049168556777324,0.03232915017308023,-0.6447889663014988,3.2170970155811474
2.8690633085793915,1.005020891178638,0.033161864553337694,-0.634503071414696,3.2996194252685758
2.869236452488864,1.005124926679544,0.03400177965150727,-0.6242171765278711,3.3828411522767645
2.869409596398336,1.005228962180449,0.03484837481663442,-0.6139312816411121,3.4667101852143785
2.8695827403078087,1.004250243994782,0.05751928291011324,-0.7106962541162635,5.727584658711032
2.8697558842172812,1.0042974913045286,0.055155939395701466,-0.7060249557853373,5.491992151056443
2.8699290281267533,1.0043447386142759,0.05287936788299004,-0.7013536574543453,5.265061472413274
2.870102172036226,1.0043919859240231,0.05070125834473249,-0.6966823591233533,5.0479552859124235
2.8702753159456984,1.0044392332337697,0.048634841428003735,-0.6920110607924271,4.841989422438722
2.870448459855171,1.0044864805435167,0.04669494787091944,-0.6873397624614571,4.648638759742521
2.870621603764643,1.0045337278532636,0.04489798064013737,-0.682668464130509,4.469534411361826
2.8707947476741156,1.0045809751630115,0.04326175363307671,-0.6779971657994511,4.306447633657078
2.870967891583588,1.004628222472758,0.04180514492510408,-0.673325867468525,4.161255277321028
2.87114103549306,1.0046754697825044,0.040547516692914516,-0.6686545691376208,4.035882024838567
2.8713141794025328,1.0047227170922524,0.039507875552453685,-0.6639832708065629,3.9322168077171207
2.8714873233120053,1.0047699644019992,0.038703791859806325,-0.6593119724756148,3.8520052580235467
2.8716604672214774,1.0048172117117455,0.038150162921531436,-0.6546406741447106,3.796726656039374
2.87183361113095,1.0048644590214935,0.037857978161868255,-0.6499693758136528,3.7674711073703615
2.8720067550404225,1.00491170633124,0.037833295429061546,-0.6452980774827266,3.764837765417661
2.8721798989498946,1.0049589536409873,0.03807663494183525,-0.6406267791517346,3.7888746404898233
2.872353042859367,1.0050062009507343,0.03858292584703761,-0.6359554808207646,3.8390734117399696
2.8725261867688396,1.0050534482604812,0.039342017720184,-0.6312841824898164,3.9144204508005105
2.872699330678312,1.0051006955702284,0.04033964182569791,-0.6266128841588244,4.013492578752205
2.8728724745877843,1.0051479428799757,0.04155862365272336,-0.6219415858278324,4.134577794951112
2.873045618497257,1.0051951901897223,0.04298013320297042,-0.6172702874969063,4.275799727499519
2.8732187624067294,1.0052424374994695,0.04458480294152385,-0.6125989891659143,4.435228883932527
2.8733919063162014,1.0052896848092165,0.04635361484799834,-0.6079276908349442,4.610970902063449
2.873565050225674,1.0053369321189636,0.048268527205334,-0.6032563925039741,4.801228887871224
2.8737381941351465,1.0053841794287106,0.05031286098623908,-0.5985850941730041,5.004341824319172
2.8739113380446186,1.005431426738457,0.052471491265463695,-0.5939137958420999,5.218803577254116
2.874084481954091,1.0054786740482047,0.05473089587770548,-0.589242497511064,5.443267698294471
2.8742576258635637,1.0055259213579515,0.05707910900219013,-0.5845711991801159,5.676542771279872
2.874430769773036,1.005991263061881,0.05717145137595357,-0.5385632902317495,5.683096213176238
2.8746039136825083,1.0059825371664575,0.055252455517906696,-0.5394260115368675,5.492387141583573
2.874777057591981,1.0059738112710352,0.05335484246082435,-0.5402887328418539,5.303800343809267
2.8749502015014534,1.0059650853756121,0.05148097679936155,-0.541151454146928,5.1175709324085865
2.8751233454109255,1.0059563594801888,0.04963354828490278,-0.542014175452024,4.9339663512391425
2.875296489320398,1.005947633584766,0.047815621332557706,-0.5428768967570762,4.753291298291875
2.8754696332298706,1.0059389076893435,0.04603069146149353,-0.5437396180620844,4.575893338018578
2.8756427771393427,1.0059301817939204,0.044282748947690236,-0.5446023393671585,4.402169230941936
2.8758159210488152,1.0059214558984981,0.04257634950580641,-0.5454650606721447,4.232571962368258
2.8759890649582878,1.0059127300030744,0.040916691032546776,-0.5463277819772847,4.067618374053356
2.87616220886776,1.005904004107652,0.039309694196233765,-0.547190503282293,3.9078971786284726
2.8763353527772324,1.005895278212229,0.03776208277472899,-0.5480532245873452,3.7540769494259174
2.876508496686705,1.0058865523168052,0.036281456945738054,-0.548915945892485,3.606913410083165
2.876681640596177,1.0058778264213826,0.034876349087333364,-0.5497786671975152,3.467254985768317
2.8768547845056496,1.00586910052596,0.033556247080882784,-0.5506413885025455,3.3360451238969886
2.877027928415122,1.0058603746305366,0.03233156500358221,-0.5515041098076415,3.2143193845823728
2.8772010723245947,1.0058516487351135,0.031213536453666396,-0.5523668311127156,3.1031948392109605
2.8773742162340668,1.005842922839691,0.030214003462697484,-0.5532295524177239,3.003849087827496
2.8775473601435393,1.0058341969442672,0.029345076886577583,-0.5540922737228638,2.917486497847078
2.877720504053012,1.005825471048845,0.02861865571004858,-0.5549549950278501,2.8452904140721245
2.877893647962484,1.005816745153422,0.028045815316324888,-0.5558177163329242,2.7883623385139535
2.8780667918719565,1.0058080192579997,0.027636107609435648,-0.5566804376379104,2.747652343219856
2.878239935781429,1.0057992933625763,0.02739685229691725,-0.5575431589430065,2.723888600609811
2.878413079690901,1.0057905674671523,0.02733252591133467,-0.5584058802481684,2.71751662775733
2.8785862236003736,1.00578184157173,0.027444358519454072,-0.5592686015531767,2.728659176881432
2.878759367509846,1.0057731156763072,0.027730218919633023,-0.5601313228582069,2.757104806980899
2.8789325114193183,1.0057643897808834,0.02818481245374943,-0.5609940441633469,2.8023275371570664
2.879105655328791,1.0057556638854614,0.028800150168206175,-0.5618567654683112,2.863533480581624
2.8792787992382634,1.0011144018532265,0.013379692584327491,-1.020734100513504,1.3364798827745852
2.879451943147736,1.0011275056739661,0.013168854193087571,-1.0194385377337825,1.3154022957567433
2.879625087057208,1.0011406094947055,0.012970098327351165,-1.018142974954083,1.2955321364795518
2.8797982309666805,1.001153713315444,0.012783988549672354,-1.016847412174471,1.276925648843333
2.879971374876153,1.0011668171361836,0.012611084751511377,-1.0155518493947495,1.2596387071222672
2.880144518785625,1.0011799209569225,0.012451937067625813,-1.0142562866150937,1.2437262081449174
2.8803176626950977,1.0011930247776615,0.012307079166766852,-1.0129607238354381,1.2292414012272936
2.8804908066045702,1.0012061285984013,0.01217702103359733,-1.0116651610556946,1.2162351673420202
2.8806639505140423,1.0012192324191407,0.012062241402116623,-1.010369598275995,1.2047552635372272
2.880837094423515,1.0012323362398794,0.01196318004494815,-1.0090740354963612,1.1948455530187712
2.8810102383329874,1.0012454400606188,0.01188023016138187,-1.0077784727166617,1.186545245156133
2.8811833822424595,1.001258543881358,0.01181373113548914,-1.006482909936984,1.1798881725087167
2.881356526151932,1.001271647702097,0.011763961949551323,-1.0051873471573065,1.1749021333570597
2.8815296700614046,1.0012847515228371,0.011731135533869242,-1.003891784377541,1.1716083278036098
2.881702813970877,1.0012978553435758,0.011715394309718326,-1.0025962215979072,1.170020913077699
2.8818759578803492,1.001310959164315,0.011716807137825698,-1.0013006588182296,1.1701466992436034
2.8820491017898218,1.001324062985054,0.011735367822632492,-1.0000050960385738,1.1719850003053065
2.8822222456992943,1.0013371668057935,0.011770995247412406,-0.9987095332588524,1.1755276481907873
2.8823953896087664,1.0013502706265327,0.011823535133426969,-0.9974139704791747,1.180759168919895
2.882568533518239,1.0013633744472719,0.011892763335020718,-0.996118407699497,1.1876571121432549
2.8827416774277115,1.0013764782680112,0.011978390509116707,-0.9948228449197974,1.196192517906415
2.8829148213371836,1.0013895820887504,0.012080067938121327,-0.9935272821401198,1.2063304985582228
2.883087965246656,1.0014026859094884,0.012197394244059459,-0.9922317193605519,1.2180309096117121
2.8832611091561287,1.0014157897302294,0.012329922710830561,-0.9909361565806987,1.2312490812784278
2.8834342530656007,1.001428893550968,0.01247716893048012,-0.989640593801065,1.2459365823006474
2.8836073969750733,1.0014419973717066,0.012638618505955577,-0.9883450310214531,1.2620419893639117
2.883780540884546,1.0014551011924464,0.012813734573225708,-0.9870494682417097,1.2795116384117688
2.883953684794018,1.0076970717460119,0.06477750675214791,-0.36991154472924803,6.428271805921746
2.8841268287034905,1.0074823663293575,0.06235446629346891,-0.3911392730345767,6.189137237274933
2.884299972612963,1.007267660912703,0.059937061153977844,-0.41236700133992726,5.950460188473421
2.8844731165224355,1.0070529554960486,0.05752600177416784,-0.43359472964525586,5.712311498637329
2.8846462604319076,1.0068382500793955,0.05512212085707215,-0.4548224579504528,5.4747742105274035
2.88481940434138,1.0066235446627407,0.05272640024460822,-0.4760501862558253,5.237946253509665
2.8849925482508527,1.0064088392460866,0.05034000501630012,-0.49727791456113196,5.0019438475928375
2.885165692160325,1.006194133829433,0.047964327105065846,-0.5185056428663948,4.7669058576718575
2.8853388360697974,1.0059794284127788,0.04560104156217621,-0.5397333711717014,4.532999410745898
2.88551197997927,1.0057647229961244,0.0432521797807052,-0.56096109947703,4.300427206460279
2.885685123888742,1.005550017579471,0.040920225650936934,-0.5821888277822709,4.069437117552725
2.8858582677982145,1.0053353121628166,0.0386082429822672,-0.6034165560875995,3.840334912657927
2.886031411707687,1.005120606746162,0.03632004587477172,-0.62464428439295,3.6135012685044035
2.8862045556171596,1.0049059013295079,0.034060428444557284,-0.6458720126982568,3.3894147103221055
2.8863776995266317,1.0046911959128544,0.03183547685557738,-0.6670997410034976,3.168682773879781
2.8865508434361042,1.0044764904962007,0.02965299537534712,-0.6883274693087603,2.9520845590620897
2.886723987345577,1.0042617850795457,0.027523089037247678,-0.7095551976141548,2.7406289322328066
2.886897131255049,1.0040470796628922,0.0254589566339232,-0.7307829259193956,2.535633751603662
2.8870702751645214,1.0038323742462376,0.023477952699010075,-0.7520106542247462,2.3388319904146657
2.887243419073994,1.0036176688295837,0.02160295813770599,-0.7732383825300309,2.152508749960461
2.887416562983466,1.0034029634129302,0.01986401482519886,-0.7944661108352717,1.9796647557860785
2.8875897068929386,1.0031882579962763,0.01829994855089245,-0.8156938391405565,1.8241789021179289
2.887762850802411,1.0029735525796213,0.016959212725490874,-0.8369215674459509,1.6908933123782008
2.8879359947118832,1.0027588471629676,0.01589840944513683,-0.8581492957512137,1.5854668836996093
2.8881091386213558,1.002544141746314,0.0151763532120014,-0.8793770240564764,1.5137840400289984
2.8882822825308283,1.0023294363296598,0.014842564403066765,-0.9006047523617832,1.4808069946960172
2.8884554264403004,1.0021147309130056,0.014923119198628418,-0.9218324806670898,1.489162741379151
2.888628570349773,1.0019000254963515,0.015411521744698014,-0.9430602089723965,1.5382294992020775
2.8888017142592455,1.0010885999706813,0.011803036633194286,-1.0232851090580026,1.1790201819838881
2.888974858168718,1.0011487760108115,0.01164708190903805,-1.0173355589708204,1.1633717373602694
2.88914800207819,1.0012089520509406,0.011760677575561871,-1.011386008883748,1.174647664852631
2.8893211459876627,1.0012691280910708,0.012136256996536723,-1.0054364587965658,1.2120874054785462
2.889494289897135,1.0013293041312006,0.012750690473257971,-0.9994869087094275,1.2733763428926168
2.8896674338066073,1.0013894801713308,0.013571575369602275,-0.9935373586222453,1.3552744100407639
2.88984057771608,1.0014496562114603,0.014564044262840858,-0.987587808535129,1.4542961967691364
2.8900137216255524,1.0015098322515898,0.015695581842555643,-0.9816382584480127,1.567191987248783
2.8901868655350245,1.0015700082917196,0.01693834024548471,-0.9756887083608743,1.6911788597159358
2.890360009444497,1.0016301843318498,0.018269636777356286,-0.9697391582736922,1.8239902374291246
2.8905331533539695,1.0016903603719796,0.01967150381873318,-0.9637896081865538,1.9638308001115363
2.890706297263442,1.0017505364121093,0.02112989999535067,-0.9578400580994155,2.1092975972870414
2.890879441172914,1.00181071245224,0.022633900723154472,-0.9518905080121894,2.2592991312451667
2.8910525850823867,1.0018708884923693,0.024174995902523883,-0.945940957925095,2.4129851640766593
2.8912257289918593,1.0019310645324992,0.025746525370186603,-0.9399914078379348,2.5696902992223247
2.8913988729013314,1.0019912405726286,0.027343242075460544,-0.9340418577508404,2.7288903304019043
2.891572016810804,1.002051416612759,0.028960980345392292,-0.9280923076636363,2.8901690936468394
2.8917451607202764,1.0021115926528896,0.030596405912203892,-0.9221427575764102,3.053193490278467
2.8919183046297485,1.0021717686930183,0.03224682780881554,-0.9161932074893816,3.2176946922851584
2.892091448539221,1.002231944733148,0.033910056466008615,-0.9102436574022433,3.3834539643452923
2.8922645924486936,1.0022921207732787,0.035584296144979016,-0.9042941073150172,3.5502919166445572
2.8924377363581657,1.0023522968134078,0.03726806288966606,-0.8983445572279448,3.718060307553091
2.8926108802676382,1.0024124728535377,0.03896012150612633,-0.8923950071407846,3.8866357473804882
2.892784024177111,1.002472648893668,0.040659436798919556,-0.8864454570536023,4.0559148265831935
2.892957168086583,1.0025328249337975,0.042365135555635224,-0.880495906966486,4.225810317825037
2.8931303119960554,1.0025930009739277,0.04407647668880649,-0.8745463568793038,4.3962481930344826
2.893303455905528,1.0026531770140579,0.045792827612625514,-0.8685968067921216,4.567165263366385
2.8934765998150005,1.0027133530541867,0.047513645419285135,-0.8626472567050711,4.738507298677361
2.8936497437244726,0.9980527813874157,0.01674571888517445,-1.3234337176679751,1.6778390078624748
2.893822887633945,0.997981118650454,0.016347995233020576,-1.3305189469721237,1.638106666299216
2.8939960315434177,0.9979094559134926,0.015964502749442416,-1.3376041762762503,1.599794716328087
2.8941691754528898,0.997837793176532,0.015596291247459754,-1.3446894055802892,1.563008672763364
2.8943423193623623,0.9977661304395709,0.015244468047613534,-1.3517746348843829,1.5278598443602718
2.894515463271835,0.9976944677026103,0.014910193297685498,-1.3588598641884218,1.49446486678624
2.894688607181307,0.9976228049656486,0.014594672830677642,-1.3659450934925705,1.4629449886302652
2.8948617510907795,0.9975511422286877,0.01429914817865684,-1.3730303227966423,1.4334250719928274
2.895034895000252,0.9974794794917266,0.014024883421132825,-1.380115552100736,1.4060322752984666
2.8952080389097246,0.9974078167547659,0.0137731486617281,-1.3872007814047858,1.3808943974934302
2.8953811828191967,0.9973361540178048,0.013545200104844866,-1.3942860107088686,1.358137880621046
2.895554326728669,0.9972644912808439,0.013342256947121628,-1.4013712400129403,1.3378854921411474
2.8957274706381417,0.9971928285438826,0.01316547559893893,-1.408456469317056,1.3202537385034523
2.895900614547614,0.9971211658069221,0.013015922087582666,-1.415541698621084,1.3053500952463994
2.8960737584570864,0.9970495030699607,0.0128945438296317,-1.4226269279252106,1.2932701726372475
2.896246902366559,0.9969778403329994,0.01280214224647887,-1.4297121572293152,1.284094964658677
2.896420046276031,0.9969061775960387,0.012739347878301463,-1.4367973865333652,1.2778883474291838
2.8965931901855035,0.9968345148590777,0.012706599677734378,-1.4438826158374478,1.2746949958419835
2.896766334094976,0.9967628521221166,0.012704130002346891,-1.4509678451415418,1.2745388710363443
2.896939478004448,0.9966911893851566,0.012731956471939978,-1.4580530744455256,1.2774223959774467
2.8971126219139207,0.9966195266481944,0.012789881345451753,-1.465138303749718,1.283326385191986
2.8972857658233933,0.9965478639112336,0.012877498468204561,-1.472223533053779,1.2922107341300377
2.8974589097328654,0.9964762011742733,0.012994207228876785,-1.4793087623577958,1.3040158122757046
2.897632053642338,0.9964045384373114,0.013139232434046475,-1.4863939916619664,1.318664450751408
2.8978051975518104,0.9963328757003498,0.013311648626121395,-1.493479220966104,1.3360643767540312
2.897978341461283,0.9962612129633897,0.013510407176516038,-1.500564450270099,1.35611092760795
2.898151485370755,0.9961895502264277,0.013734364482774281,-1.5076496795742695,1.3786898768063311
2.8983246292802276,0.9961178874894681,0.013982309757570728,-1.5147349088782207,1.4036802203010899
2.8984977731897,0.9981415644552348,0.07307446578167706,-1.3146558168998177,7.321052281953573
2.8986709170991722,0.998117037506805,0.07021155582871456,-1.3170807738736086,7.0344010962978745
2.898844061008645,0.9980925105583761,0.06744332666014492,-1.3195057308473117,6.757221995625858
2.8990172049181173,0.9980679836099458,0.06478191697204942,-1.3219306878211576,6.490731897614582
2.8991903488275894,0.9980434566615163,0.06224103098960505,-1.3243556447949156,6.236304699376825
2.899363492737062,0.9980189297130871,0.05983602449370915,-1.3267806017686408,5.995479916489255
2.8995366366465345,0.9979944027646581,0.057583925120321025,-1.3292055587423548,5.769964737357367
2.899709780556007,0.9979698758162292,0.055503349032305194,-1.331630515716058,5.561625694053097
2.899882924465479,0.9979453488677994,0.053614268546998994,-1.334055472689849,5.372465396810163
2.9000560683749517,0.99792082191937,0.05193758317774498,-1.3364804296635961,5.204579565526035
2.900229212284424,0.9978962949709412,0.05049445531292338,-1.3389053866372882,5.060090469059592
2.9004023561938963,0.9978717680225122,0.04930539731957243,-1.3413303436110025,4.941055444156036
2.900575500103369,0.9978472410740825,0.04838914246833512,-1.3437553005847824,4.8493537363744235
2.9007486440128414,0.9978227141256533,0.047761393711751615,-1.3461802575585184,4.786561083007892
2.9009217879223135,0.9977981871772235,0.04743360692847732,-1.3486052145323093,4.75382773170467
2.901094931831786,0.9977736602287947,0.047412003961968326,-1.3510301715060016,4.75177947181894
2.9012680757412586,0.9977491332803649,0.047697000845150585,-1.3534551284797924,4.780460263426543
2.9014412196507307,0.9977246063319357,0.04828316866199745,-1.3558800854535176,4.839328243041646
2.901614363560203,0.9977000793835067,0.04915973534257259,-1.3583050424272318,4.927305946788047
2.9017875074696757,0.9976755524350776,0.050311524508295846,-1.3607299994009567,5.042874347827603
2.901960651379148,0.9976510254866473,0.0517201521095376,-1.3631549563747918,5.184192747590157
2.9021337952886204,0.9976264985382188,0.053365283533464626,-1.365579913348451,5.349224746100729
2.902306939198093,0.9976019715897892,0.05522578705159962,-1.36800487032222,5.535853839942919
2.9024800831075654,0.9975774446413598,0.05728068034528188,-1.370429827295978,5.741978294815489
2.9026532270170375,0.9975529176929306,0.0595098297985768,-1.3728547842697032,5.96558124818149
2.90282637092651,0.9975283907445014,0.061894410579482965,-1.3752797412434392,6.204776841818839
2.9029995148359826,0.9975038637960718,0.06441716382918321,-1.377704698217208,6.457836021209894
2.9031726587454547,0.9974793368476428,0.06706249806782699,-1.3801296551909223,6.723196721023432
2.9033458026549273,0.975784500021974,0.014706830234078165,-3.5250783432117547,1.507180144155495
2.9035189465644,0.9759948546345165,0.014736104092646975,-3.504280774932362,1.5098546905931431
2.903692090473872,0.9762052092470589,0.015043605474191354,-3.48348320665298,1.5410290102625446
2.9038652343833444,0.9764155638596016,0.015612903670855799,-3.462685638373565,1.59900192589523
2.904038378292817,0.9766259184721439,0.01641678561552843,-3.441888070094194,1.6809696839923345
2.9042115222022895,0.9768362730846876,0.017422810691605308,-3.4210905018146804,1.7835957950851835
2.9043846661117616,0.977046627697229,0.018598204439762143,-3.4002929335353866,1.9035124744860616
2.904557810021234,0.9772569823097722,0.019912997712786863,-3.3794953652559276,2.037641896988239
2.9047309539307067,0.9774673369223147,0.02134144186727358,-3.358697796976535,2.18334066634594
2.904904097840179,0.9776776915348574,0.02286224393136626,-3.3379002286971198,2.3384234016299166
2.9050772417496513,0.9778880461473992,0.02445818161104842,-3.317102660417793,2.501122874689664
2.905250385659124,0.9780984007599425,0.02611548374813795,-3.296305092138323,2.6700262190232893
2.905423529568596,0.9783087553724849,0.027823186888236533,-3.2755075238589413,2.8440087789711166
2.9055966734780685,0.9785191099850272,0.02957256092013235,-3.254709955579559,3.0221751030069153
2.905769817387541,0.9787294645975705,0.031356632211872446,-3.2339123873000895,3.2038099746762527
2.905942961297013,0.9789398192101124,0.03316980255450009,-3.2131148190207517,3.388339293549645
2.9061161052064857,0.9791501738226546,0.0350075507980377,-3.1923172507413917,3.57529945190801
2.906289249115958,0.9793605284351977,0.0368662015644188,-3.1715196824619327,3.7643135999490265
2.9064623930254303,0.9795708830477401,0.038742746627435216,-3.150722114182551,3.955073318114036
2.906635536934903,0.9797812376602824,0.04063470694155157,-3.12992454590318,4.147324461793865
2.9068086808443754,0.9799915922728257,0.04254002578457626,-3.109126977623699,4.340856199175766
2.906981824753848,0.9802019468853682,0.04445698564699974,-3.0883294093443063,4.53549248583556
2.90715496866332,0.9804123014979109,0.046384143254141356,-3.0675318410648913,4.731085399813314
2.9073281125727926,0.9806226561104531,0.04832027847149486,-3.0467342727855313,4.927509901020711
2.907501256482265,0.980833010722996,0.050264353882681176,-3.0259367045060945,5.124659685508554
2.907674400391737,0.9810433653355379,0.05221548261255446,-3.0051391362267568,5.322443885515259
2.9078475443012097,0.9812537199480805,0.05417290255487097,-2.984341567947353,5.520784426451635
2.9080206882106823,0.9814640745606232,0.05613595560347761,-2.963543999667938,5.719613897086174
2.9081938321201544,0.9546562330466741,0.016203811207701823,-5.614010787967603,1.6973451433914855
2.908366976029627,0.9548055130766846,0.01583594442431479,-5.599251607841397,1.6585518419647978
2.9085401199390994,0.9549547931066953,0.015482712555483984,-5.584492427715171,1.6213031933286637
2.908713263848572,0.9551040731367056,0.015145139631317623,-5.569733247588977,1.5857056898080963
2.908886407758044,0.9552533531667154,0.014824295428083892,-5.554974067462838,1.5518705460640958
2.9090595516675166,0.9554026331967256,0.014521288838691138,-5.540214887336667,1.5199130015063587
2.909232695576989,0.9555519132267359,0.014237258803747797,-5.525455707210472,1.489951368070731
2.9094058394864613,0.9557011932567455,0.013973362553935328,-5.510696527084357,1.4621057975577347
2.909578983395934,0.9558504732867554,0.013730761012891503,-5.495937346958207,1.436496753061948
2.9097521273054063,0.9559997533167661,0.013510601357199892,-5.48117816683198,1.4132431844596112
2.9099252712148784,0.9561490333467759,0.01331399692743791,-5.466418986705841,1.3924604285626248
2.910098415124351,0.9562983133767857,0.013142004924861249,-5.451659806579702,1.3742578796835376
2.9102715590338235,0.9564475934067964,0.012995602595375865,-5.436900626453475,1.3587365042225135
2.9104447029432956,0.9565968734368065,0.012875662868350544,-5.422141446327304,1.3459863005919723
2.910617846852768,0.9567461534668162,0.012782930645689366,-5.407382266201176,1.3360838294849469
2.9107909907622407,0.9568954334968267,0.012718001084926793,-5.3926230860749715,1.3290899548397697
2.9109641346717128,0.9570447135268365,0.012681301250680337,-5.377863905948832,1.325047938872998
2.9111372785811853,0.9571939935568469,0.012673076395864671,-5.363104725822638,1.3239820225754508
2.911310422490658,0.9573432735868569,0.012693381872887505,-5.348345545696478,1.325896595620241
2.9114835664001304,0.9574925536168672,0.01274208128670852,-5.333586365570284,1.330776018944076
2.9116567103096025,0.957641833646877,0.012818851031735684,-5.318827185444145,1.3385851141150686
2.911829854219075,0.9577911136768873,0.012923190865308387,-5.304068005317963,1.349270282504213
2.9120029981285476,0.9579403937068975,0.013054439728274839,-5.28930882519178,1.3627611711579128
2.9121761420380197,0.9580896737369073,0.013211795684452998,-5.274549645065641,1.378972767018985
2.912349285947492,0.9582389537669179,0.013394338651345277,-5.259790464939425,1.3978077804801199
2.9125224298569647,0.9583882337969283,0.013601054544289,-5.245031284813232,1.419159174190249
2.912695573766437,0.9585375138269373,0.013830859540792148,-5.230272104687169,1.4429127020363328
2.9128687176759094,0.9586867938569473,0.01408262335888256,-5.2155129245610095,1.468949342905409
2.913041861585382,0.9607318572467135,0.06025041995481694,-5.013319376388831,6.271304474849405
2.9132150054948545,0.9603875550262313,0.058042960579588215,-5.047360222238023,6.043701865545611
2.9133881494043266,0.9600432528057494,0.05584148525621539,-5.081401068087183,5.816559315740964
2.913561293313799,0.9596989505852673,0.05364673068379838,-5.115441913936364,5.589954084151307
2.9137344372232716,0.9593546483647848,0.05145955679136679,-5.149482759785589,5.363976385487822
2.9139075811327437,0.9590103461443025,0.04928097291990489,-5.183523605634792,5.138732143822938
2.9140807250422163,0.9586660439238203,0.04711217075623193,-5.217564451483984,4.914346456186329
2.914253868951689,0.9583217417033377,0.044954566057969554,-5.251605297333208,4.690967980969161
2.914427012861161,0.9579774394828559,0.042809851906084044,-5.285646143182369,4.4687745391158735
2.9146001567706334,0.9576331372623735,0.040680067178470676,-5.319686989031571,4.247980316842889
2.914773300680106,0.9572888350418907,0.03856768525246185,-5.3537278348808295,4.028845197047988
2.914946444589578,0.9569445328214088,0.03647572974575651,-5.387768680729989,3.811686936359126
2.9151195884990506,0.9566002306009262,0.03440792655626884,-5.421809526579214,3.596897163055684
2.915292732408523,0.9562559283804433,0.03236890473868013,-5.4558503724284835,3.384962516624761
2.9154658763179953,0.9559116261599617,0.03036446299090854,-5.489891218277609,3.1764926965986464
2.915639020227468,0.9555673239394796,0.028401923634403067,-5.52393206412679,2.972257728247925
2.9158121641369403,0.955223021718997,0.0264906012428315,-5.557972909976026,2.7732373111317643
2.915985308046413,0.9548787194985138,0.024642416215602442,-5.592013755825318,2.580685453807602
2.916158451955885,0.9545344172780327,0.02287267877498186,-5.626054601674401,2.3962131025307603
2.9163315958653575,0.9541901150575505,0.021201043049997165,-5.6600954475235925,2.2218887740959734
2.91650473977483,0.9538458128370675,0.019652558437419722,-5.694136293372861,2.060349605033775
2.916677883684302,0.9535015106165855,0.018258584680328312,-5.728177139222033,1.914898348563845
2.9168510275937747,0.9531572083961027,0.017057045775430473,-5.7622179850712785,1.7895312153314893
2.917024171503247,0.9528129061756201,0.016091107522652942,-5.796258830920515,1.688800331981132
2.9171973154127193,0.9524686039551382,0.015405151952840472,-5.830299676769674,1.617392099736451
2.917370459322192,0.9521243017346553,0.015037543241454012,-5.8643405226189325,1.5793676533680978
2.9175436032316644,0.9517799995141735,0.015011686828971964,-5.898381368468091,1.577222345146413
2.917716747141137,0.9514356972936902,0.01532931214463644,-5.932422214317394,1.6111768970031164
2.917889891050609,0.9690684986505889,0.02009282850127801,-4.189083260421114,2.073416742908982
2.9180630349600816,0.9689569108335158,0.019523020242632024,-4.200115845904627,2.01484916659895
2.918236178869554,0.9688453230164431,0.018997028803814174,-4.2111484313880965,1.9607906806700617
2.918409322779026,0.968733735199372,0.018518588205313893,-4.222181016871411,1.9116282970678875
2.9185824666884987,0.9686221473822993,0.0180914713782286,-4.233213602354881,1.8677532231862328
2.9187556105979713,0.9685105595652261,0.01771939011102851,-4.244246187838404,1.829550533654782
2.9189287545074434,0.9683989717481546,0.01740587420817084,-4.255278773321763,1.7973866883346377
2.919101898416916,0.9682873839310819,0.01715413506303258,-4.266311358805233,1.7715954320699412
2.9192750423263885,0.9681757961140096,0.01696692265371472,-4.277343944288669,1.7524630053565957
2.9194481862358606,0.968064208296937,0.016846388357146348,-4.288376529772138,1.7402139458066823
2.919621330145333,0.9679526204798651,0.016793967928655732,-4.29940911525553,1.7349989631031815
2.9197944740548056,0.9678410326627926,0.016810298589374165,-4.310441700738977,1.7368863296821053
2.9199676179642777,0.9677294448457202,0.01689518097876963,-4.321474286222424,1.7458579015814835
2.9201407618737503,0.9676178570286476,0.017047591141071048,-4.332506871705893,1.761810307368721
2.920313905783223,0.9675062692115748,0.01726574090177268,-4.343539457189373,1.7845611394169683
2.9204870496926953,0.9673946813945026,0.01754717857170903,-4.354572042672799,1.8138593181445566
2.9206601936021674,0.9672830935774301,0.01788891736617914,-4.365604628156245,1.849398328675239
2.92083333751164,0.9671715057603576,0.01828757706769357,-4.376637213639703,1.8908308359763444
2.9210064814211125,0.9670599179432853,0.01873952526735813,-4.387669799123139,1.9377832665438974
2.9211796253305846,0.9669483301262131,0.019241007282658065,-4.398702384606564,1.9898692291186428
2.921352769240057,0.9668367423091404,0.019788257553988192,-4.4097349700900335,2.046701029041055
2.9215259131495297,0.9667251544920681,0.020377589027186623,-4.42076755557347,2.107898913408673
2.921699057059002,0.9666135666749958,0.021005460096486104,-4.431800141056906,2.173098001173489
2.9218722009684743,0.9665019788579232,0.021668520829432814,-4.442832726540363,2.2419530744300844
2.922045344877947,0.9663903910408504,0.022363641424694995,-4.453865312023844,2.3141415345208722
2.9222184887874194,0.966278803223778,0.023087926333375655,-4.464897897507291,2.389364876508502
2.9223916326968915,0.9661672154067061,0.02383871743078076,-4.475930482990683,2.467349031372991
2.922564776606364,0.9660556275896339,0.02461358927259909,-4.4869630684741075,2.5478438890741164
2.9227379205158366,0.9526931647012781,0.01488257635702147,-5.808097561045818,1.5621584061315248
2.9229110644253087,0.9530940433028945,0.014450809484135938,-5.768463060104314,1.5161997481442082
2.923084208334781,0.9534949219045127,0.014051115727714615,-5.728828559162634,1.4736434777910394
2.9232573522442538,0.9538958005061308,0.013686305358390775,-5.689194058220965,1.4347799152830858
2.923430496153726,0.9542966791077483,0.013359236439829753,-5.64955955727935,1.3999039011977301
2.9236036400631984,0.9546975577093657,0.013072742056281119,-5.6099250563377465,1.369307164422515
2.923776783972671,0.9550984363109835,0.012829540685757155,-5.5702905553961095,1.343268944645179
2.923949927882143,0.9554993149126011,0.012632133084621836,-5.530656054454484,1.322045226769973
2.9241230717916156,0.9559001935142183,0.012482692059421055,-5.491021553512902,1.3058572583326278
2.924296215701088,0.9563010721158366,0.012382954354907414,-5.451387052571212,1.2948803170856917
2.92446935961056,0.9567019507174531,0.012334125781090452,-5.411752551629696,1.289233890642828
2.9246425035200327,0.9571028293190714,0.012336810841317393,-5.372118050688005,1.2889744407185995
2.9248156474295053,0.9575037079206895,0.012390976047421915,-5.332483549746335,1.294091703762704
2.924988791338978,0.9579045865223069,0.012495951976691167,-5.292849048804731,1.304509045317132
2.92516193524845,0.9583054651239236,0.012650473782526876,-5.253214547863205,1.3200878261599998
2.9253350791579225,0.9587063437255423,0.012852754598283082,-5.21358004692147,1.3406351884913112
2.925508223067395,0.95910722232716,0.0131005823278061,-5.173945545979844,1.3659142609748145
2.925681366976867,0.9595081009287769,0.013391428475491091,-5.1343110450382845,1.395655592957325
2.9258545108863396,0.9599089795303949,0.013722558020406804,-5.094676544096627,1.4295686688044247
2.926027654795812,0.9603098581320123,0.014091131372438467,-5.055042043155022,1.4673525688727629
2.9262007987052843,0.9607107367336297,0.014494292352848001,-5.01540754221342,1.5087051490782646
2.926373942614757,0.9611116153352474,0.014929239129540903,-4.975773041271794,1.5533304239938255
2.9265470865242293,0.9615124939368661,0.01539327755505155,-4.936138540330059,1.6009441013111045
2.926720230433702,0.9619133725384833,0.015883858143075434,-4.896504039388477,1.6512774015354452
2.926893374343174,0.9623142511401008,0.016398598960107542,-4.856869538446863,1.704079404485522
2.9270665182526465,0.9627151297417177,0.016935297131205847,-4.817235037505314,1.7591182072467624
2.927239662162119,0.9631160083433364,0.017491931646123844,-4.777600536563579,1.816181175953233
2.927412806071591,0.9575837461851455,0.015774151222587084,-5.324570239693997,1.6472868598102965
2.9275859499810637,0.9575266626848233,0.015403634392588926,-5.330214033196921,1.6086898665984344
2.9277590938905362,0.9574695791845004,0.015055354018326795,-5.335857826699923,1.5724106901808617
2.9279322378000083,0.9574124956841782,0.014730887384773184,-5.3415016202028465,1.5386144896977054
2.928105381709481,0.9573554121838562,0.01443184077232222,-5.347145413705748,1.5074694923801866
2.9282785256189534,0.9572983286835333,0.014159824837248215,-5.352789207208749,1.479144422692209
2.9284516695284255,0.9572412451832112,0.013916424726723262,-5.358433000711663,1.4538053804879383
2.928624813437898,0.9571841616828891,0.013703165376533861,-5.364076794214576,1.4316122147739485
2.9287979573473706,0.9571270781825665,0.013521472993273154,-5.369720587717544,1.412714497530286
2.9289711012568427,0.9570699946822454,0.013372634328661665,-5.375364381220359,1.397247265400007
2.929144245166315,0.9570129111819224,0.013257755929171104,-5.38100817472336,1.3853267572741121
2.9293173890757878,0.9569558276815993,0.013177725982730856,-5.386651968226382,1.37704642174094
2.9294905329852603,0.9568987441812774,0.013133181575060384,-5.392295761729273,1.372473488435512
2.9296636768947324,0.9568416606809543,0.013124484024149962,-5.397939555232285,1.3716463824129144
2.929836820804205,0.9567845771806331,0.01315170444945922,-5.403583348735111,1.3745732072953645
2.9300099647136775,0.9567274936803097,0.013214620893570127,-5.409227142238157,1.3812314353731523
2.9301831086231496,0.9566704101799877,0.013312727263965287,-5.414870935741069,1.3915688331429248
2.930356252532622,0.9566133266796656,0.01344525326863617,-5.420514729243982,1.4055055364222924
2.9305293964420946,0.9565562431793433,0.013611193559710917,-5.426158522746918,1.4229370888292843
2.9307025403515667,0.956499159679021,0.013809343619127685,-5.431802316249853,1.4437381862166803
2.9308756842610393,0.9564420761786985,0.014038339598096316,-5.43744610975281,1.4677668358322453
2.931048828170512,0.9563849926783762,0.014296699358974879,-5.443089903255745,1.4948686426934275
2.9312219720799844,0.9563279091780538,0.014582862299954815,-5.448733696758691,1.524880970219568
2.9313951159894565,0.9562708256777316,0.014895226066329004,-5.4543774902616144,1.557636776775283
2.931568259898929,0.9562137421774096,0.01523217885542872,-5.460021283764518,1.5929679927777738
2.9317414038084015,0.9561566586770874,0.015592126609593393,-5.465665077267442,1.6307083643768416
2.9319145477178736,0.956099575176765,0.015973514896367547,-5.471308870770387,1.6706957424820883
2.932087691627346,0.9560424916764432,0.016374845663043314,-5.476952664273279,1.7127738364776688
2.9322608355368187,0.9768787089103964,0.014721909388632727,-3.416894910512903,1.5070355464142973
2.932433979446291,0.9767729003611626,0.014215020293691753,-3.4273561050673567,1.455304532756359
2.9326071233557633,0.9766670918119287,0.013737805339509926,-3.4378172996218215,1.4066006170048513
2.932780267265236,0.9765612832626944,0.01329346067943742,-3.448278494176319,1.3612520696114352
2.932953411174708,0.9764554747134595,0.012885387297964228,-3.4587396887308826,1.3196082803207632
2.9331265550841805,0.9763496661642259,0.012517133157979116,-3.4692008832853145,1.2820338442020507
2.933299698993653,0.9762438576149919,0.01219230687211838,-3.47966207783979,1.2488997269498565
2.933472842903125,0.9761380490657576,0.011914460916320452,-3.4901232723942877,1.2205713042047224
2.9336459868125977,0.9760322405165232,0.011686946508066736,-3.5005844669488075,1.1973934899816343
2.9338191307220702,0.9759264319672891,0.01151274798349992,-3.511045661503283,1.1796737547411567
2.9339922746315428,0.975820623418055,0.011394310917033634,-3.5215068560577696,1.1676644911563991
2.934165418541015,0.9757148148688208,0.01133338361257425,-3.5319680506122566,1.1615467388488876
2.9343385624504874,0.9756090063195867,0.011330893814645785,-3.542429245166743,1.1614175085765914
2.93451170635996,0.9755031977703529,0.01138687985626756,-3.552890439721197,1.1672826785492703
2.934684850269432,0.9753973892211188,0.011500487762553368,-3.563351634275673,1.179056648053653
2.9348579941789046,0.9752915806718845,0.01167003480652456,-3.573812828830181,1.1965688044271847
2.935031138088377,0.9751857721226501,0.01189312884348069,-3.58427402338469,1.2195757140296832
2.935204281997849,0.9750799635734164,0.012166824675445652,-3.5947352179391325,1.2477771187972504
2.9353774259073218,0.9749741550241818,0.012487795616990682,-3.605196412493663,1.280833502369194
2.9355505698167943,0.9748683464749475,0.012852500291916447,-3.615657607048172,1.3183831784455968
2.935723713726267,0.9747625379257134,0.013257329890629395,-3.6261188016026478,1.360057385754779
2.935896857635739,0.9746567293764806,0.013698727517455355,-3.6365799961570024,1.4054925292742682
2.9360700015452115,0.9745509208272455,0.014173277075514785,-3.647041190711588,1.4543393036337013
2.936243145454684,0.9744451122780114,0.014677763392779541,-3.6575023852660635,1.5062688711595633
2.936416289364156,0.9743393037287773,0.015209207772358346,-3.6679635798205505,1.5609765216442577
2.9365894332736286,0.974233495179543,0.01576488412911536,-3.6784247743750482,1.6181833417881022
2.936762577183101,0.9741276866303089,0.016342320821700427,-3.688885968929535,1.677636417278272
2.9369357210925733,0.9740218780810754,0.016939292658418852,-3.6993471634839556,1.7391080261760674
2.937108865002046,0.9898649067672847,0.014170980241914044,-2.132961397698718,1.4316074996732473
2.9372820089115184,0.9898666436238014,0.013860963314778102,-2.132789676282385,1.4002859278129143
2.9374551528209905,0.9898683804803179,0.013567802806842593,-2.1326179548660735,1.370667360872668
2.937628296730463,0.9898701173368356,0.013292614039078287,-2.1324462334496417,1.3428644633541393
2.9378014406399355,0.9898718541933513,0.013036535159821096,-2.1322745120334075,1.316992205061189
2.9379745845494076,0.989873591049868,0.01280071310316079,-2.132102790617074,1.2931664425539677
2.93814772845888,0.9898753279063855,0.012586286542122415,-2.131931069200664,1.271502197023414
2.9383208723683527,0.9898770647629018,0.01239436597354647,-2.131759347784375,1.2521116424204863
2.9384940162778252,0.989878801619419,0.0122260113220468,-2.1315876263679976,1.2351018429776783
2.9386671601872973,0.9898805384759362,0.012082207737092173,-2.131415904951621,1.2205723082195832
2.93884030409677,0.9898822753324527,0.011963840551950237,-2.1312441835353093,1.2086124633287503
2.9390134480062424,0.9898840121889695,0.011871670636331811,-2.1310724621189654,1.1992991593105458
2.9391865919157145,0.9898857490454863,0.011806311559391259,-2.130900740702621,1.1926943660695883
2.939359735825187,0.9898874859020033,0.011768210041127698,-2.130729019286266,1.188843197709919
2.9395328797346596,0.9898892227585203,0.011757631075246286,-2.1305572978699,1.1877724097734232
2.9397060236441317,0.9898909596150364,0.011774648845120974,-2.130385576453633,1.1894894817202974
2.9398791675536042,0.9898926964715544,0.011819144146046956,-2.1302138550371676,1.193982356691384
2.9400523114630768,0.9898944333280704,0.011890808519986295,-2.1300421336209117,1.2012198593751915
2.9402254553725493,0.9898961701845874,0.011989154772866039,-2.1298704122045455,1.2111527586403739
2.9403985992820214,0.9898979070411049,0.01211353305486475,-2.1296986907881355,1.2237153921330335
2.940571743191494,0.9898996438976204,0.012263151306645756,-2.129526969371923,1.2388277319063328
2.9407448871009665,0.9899013807541371,0.012437098651328995,-2.1293552479555897,1.2563977476073458
2.9409180310104386,0.9899031176106547,0.012634370255414125,-2.129183526539169,1.2763239180324948
2.941091174919911,0.9899048544671714,0.012853892275638695,-2.1290118051228464,1.2984977513376739
2.9412643188293837,0.9899065913236885,0.013094545716112883,-2.1288400837064696,1.3228061951383767
2.9414374627388558,0.989908328180205,0.013355188294584727,-2.128668362290158,1.349133845467913
2.9416106066483283,0.9899100650367219,0.013634673712674168,-2.128496640873814,1.3773648934631626
2.941783750557801,0.9899118018932385,0.013931868005159189,-2.128324919457492,1.4073847769583148
2.941956894467273,0.9951508570824775,0.012896976550681906,-1.6103443213581716,1.295982057282498
2.9421300383767455,0.9952872675181645,0.012584224142565853,-1.596857546260005,1.2643811041555584
2.942303182286218,0.99542367795385,0.012282931478506771,-1.583370771161992,1.2339400549276702
2.94247632619569,0.9955600883895357,0.011993962208333082,-1.569883996063957,1.2047451829587779
2.9426494701051626,0.9956964988252227,0.01171822804514361,-1.5563972209657904,1.1768875414314923
2.942822614014635,0.9958329092609083,0.011456684638014412,-1.5429104458677663,1.1504625456209703
2.9429957579241077,0.9959693196965942,0.011210325266721626,-1.5294236707697093,1.1255693368282336
2.94316890183358,0.9961057301322799,0.010980172020070943,-1.5159368956716743,1.1023098942130178
2.9433420457430524,0.9962421405679663,0.010767264179393186,-1.5024501205735625,1.0807878668186706
2.943515189652525,0.9963785510036521,0.010572643640130662,-1.4889633454755167,1.0611071092890185
2.943688333561997,0.9965149614393377,0.010397337374896167,-1.4754765703774928,1.043369921900475
2.9438614774714695,0.9966513718750241,0.010242337172124206,-1.4619897952793919,1.0276750186833186
2.944034621380942,0.9967877823107101,0.010108577166020876,-1.448503020181324,1.0141152756294436
2.944207765290414,0.9969241927463957,0.00999690998304887,-1.4350162450833,1.0027753419754706
2.9443809091998867,0.9970606031820818,0.009908082630399094,-1.4215294699852212,0.9937292275692989
2.9445540531093592,0.9971970136177681,0.00984271349406795,-1.4080426948871203,0.9870380034893208
2.9447271970188313,0.9973334240534537,0.009801271945806664,-1.3945559197890964,0.9827477661353651
2.944900340928304,0.9974698344891402,0.00978406203470014,-1.3810691446909846,0.9808880124892301
2.9450734848377764,0.9976062449248253,0.009791211536675191,-1.3675823695930045,0.9814705537867808
2.945246628747249,0.9977426553605118,0.009822667261331783,-1.3540955944948927,0.9844890572291494
2.945419772656721,0.9978790657961975,0.009878197012188531,-1.3406088193968577,0.9899192548254151
2.9455929165661936,0.9980154762318832,0.009957398034137274,-1.3271220442988116,0.9977198020748657
2.945766060475666,0.99815188666757,0.010059711244500428,-1.313635269200667,1.007833715376302
2.9459392043851382,0.9982882971032554,0.010184440109749069,-1.300148494102665,1.0201902736214954
2.9461123482946108,0.9984247075389417,0.010330772753732695,-1.2866617190045642,1.0347072418908225
2.9462854922040833,0.9985611179746282,0.010497805787083462,-1.2731749439064524,1.0512932656917444
2.9464586361135554,0.9986975284103131,0.010684568419511686,-1.2596881688084942,1.0698502915611452
2.946631780023028,0.9988339388460006,0.010890045619417586,-1.2462013937102836,1.0902758903045848
2.9468049239325005,1.0015835159989788,0.010835441024940176,-0.9743532136901132,1.0818310057881606
2.9469780678419726,1.001700414059018,0.010717167899544671,-0.9627956093380651,1.0698975211677648
2.947151211751445,1.0018173121190577,0.011024687037330014,-0.9512380049859731,1.1004688084307952
2.9473243556609177,1.001934210179097,0.011724542279215018,-0.9396804006339251,1.1701908329010187
2.94749749957039,1.0020511082391363,0.012752301358778894,-0.928122796281855,1.2726198548084036
2.9476706434798623,1.0021680062991762,0.014036118378491036,-0.9165651919297411,1.4005753815993252
2.947843787389335,1.0022849043592152,0.01551254908862421,-0.9050075875777149,1.547718520069077
2.9480169312988074,1.0024018024192545,0.01713186709675638,-0.8934499832256668,1.709081832794927
2.9481900752082795,1.0025187004792941,0.01885729811284447,-0.8818923788735749,1.8809921554409894
2.948363219117752,1.0026355985393334,0.020662275889034673,-0.8703347745215269,2.0607961575607363
2.9485363630272245,1.0027524965993735,0.022527688044148387,-0.8587771701693909,2.246585086603759
2.9487095069366966,1.002869394659413,0.02443970014578929,-0.8472195658173208,2.436977364743424
2.948882650846169,1.0029862927194524,0.026388184642372105,-0.8356619614652508,2.63096164263864
2.9490557947556417,1.0031031907794918,0.028365626471589515,-0.8241043571131809,2.8277874831149865
2.949228938665114,1.0032200888395313,0.03036636910190664,-0.8125467527611108,3.0268900553050875
2.9494020825745864,1.003336986899571,0.03238609440242826,-0.8009891484090188,3.2278381865005388
2.949575226484059,1.0034538849596097,0.034421461034574746,-0.7894315440570147,3.430298247931967
2.9497483703935314,1.0035707830196503,0.03646985028442651,-0.7778739397048349,3.6340087716276623
2.9499215143030035,1.003687681079689,0.038529185180636784,-0.7663163353528306,3.83876238664104
2.950094658212476,1.0038045791397283,0.040597800094358386,-0.7547587310007826,4.044392796967628
2.9502678021219486,1.0039214771997687,0.042674345516025856,-0.7432011266486247,4.250765272504889
2.9504409460314207,1.004038375259808,0.044757717645589744,-0.7316435222965547,4.45776961801964
2.9506140899408932,1.0041552733198478,0.046847005703309956,-0.7200859179444628,4.6653149117495145
2.950787233850366,1.0042721713798877,0.04894145205029743,-0.7085283135923488,4.873325523204632
2.950960377759838,1.004389069439927,0.05104042167849521,-0.6969707092403007,5.081738066599695
2.9511335216693104,1.0045059674999661,0.053143378631285355,-0.6854131048882526,5.290499046367004
2.951306665578783,1.0046228655600056,0.05524986760599248,-0.6738555005361826,5.499563020118462
2.951479809488255,1.0047397636200452,0.05735949947055505,-0.6622978961840906,5.708891152460276
2.9516529533977276,1.000763511851702,0.013887942566086874,-1.0554262742531657,1.3877347047146198
2.9518260973072,1.0008012967261117,0.013600041602709646,-1.0516905182553913,1.3589152659173218
2.9519992412166727,1.0008390816005226,0.013333771380217166,-1.0479547622575072,1.3322592637863477
2.9521723851261448,1.0008768664749328,0.013090451924679244,-1.0442190062596888,1.3078983402607296
2.9523455290356173,1.0009146513493432,0.01287138487936403,-1.0404832502618486,1.285962280801064
2.95251867294509,1.0009524362237534,0.01267782751819345,-1.0367474942640302,1.2665764185581585
2.952691816854562,1.0009902210981636,0.01251096387962873,-1.0330117382662118,1.2498587514574553
2.9528649607640345,1.001028005972574,0.012371874092538848,-1.0292759822683717,1.2359168793203386
2.953038104673507,1.0010657908469853,0.012261503361083132,-1.0255402262704436,1.2248449076167987
2.953211248582979,1.0011035757213953,0.012180632394668003,-1.0218044702726472,1.2167204962673956
2.9533843924924517,1.0011413605958057,0.012129851241551642,-1.0180687142748068,1.211602249090263
2.953557536401924,1.001179145470216,0.012109538451083417,-1.0143329582769884,1.2095276360751628
2.9537306803113963,1.001216930344627,0.012119847218604764,-1.0105972022790823,1.2105116135454297
2.953903824220869,1.0012547152190363,0.01216069966960515,-1.0068614462813519,1.2145460575379017
2.9540769681303414,1.0012925000934474,0.012231789773140628,-1.0031256902834458,1.2216000591234903
2.954250112039814,1.001330284967859,0.012332594633824632,-0.9993899342854957,1.231621056405029
2.954423255949286,1.001368069842269,0.01246239320909603,-0.9956541782876993,1.2445367077721035
2.9545963998587585,1.0014058547166786,0.012620290937295095,-0.9919184222899249,1.260257354982778
2.954769543768231,1.001443639591089,0.012805248413591284,-0.9881826662920846,1.2786788898893942
2.954942687677703,1.0014814244655,0.013016112141247704,-0.9844469102942004,1.2996858277420897
2.9551158315871757,1.0015192093399106,0.013251645496362433,-0.9807111542963382,1.3231544011119305
2.9552889754966483,1.001556994214321,0.01351055832291727,-0.9769753982984979,1.348955516357382
2.9554621194061204,1.001594779088731,0.013791533953138578,-0.9732396423007015,1.3769574523627575
2.955635263315593,1.0016325639631416,0.014093252857739335,-0.9695038863028393,1.4070282222032413
2.9558084072250654,1.001670348837552,0.014414412516358105,-0.965768130304999,1.4390375569254066
2.9559815511345375,1.0017081337119627,0.014753743423932703,-0.9620323743071367,1.4728585031311212
2.95615469504401,1.001745918586372,0.015110021396236276,-0.9582966183094063,1.5083686507611629
2.9563278389534826,1.0017837034607844,0.015482076505370916,-0.9545608623113684,1.5454510241967592
2.956500982862955,1.0027697356306347,0.01874619262554063,-0.8570727629049569,1.8694414040877776
2.9566741267724272,1.0028104351695093,0.018144932556322293,-0.853048836695522,1.809408031664048
2.9568472706819,1.002851134708383,0.017612789099746867,-0.8490249104861749,1.7562715432204652
2.9570204145913723,1.0028918342472573,0.017156194949637493,-0.8450009842767839,1.7106725136030703
2.9571935585008444,1.0029325337861312,0.016781317984798712,-0.840977058067415,1.6732250096073977
2.957366702410317,1.0029732333250057,0.016493731061921122,-0.836953131858002,1.644483672534505
2.9575398463197895,1.0030139328638799,0.016298055658825146,-0.8329292056486111,1.6249082016527654
2.9577129902292616,1.003054632402754,0.016197623129721075,-0.82890527943922,1.6148296021444706
2.957886134138734,1.003095331941628,0.016194205591071882,-0.824881353229851,1.6144233828429633
2.9580592780482067,1.0031360314805022,0.01628786411038783,-0.82085742702046,1.6236944541159586
2.9582324219576788,1.0031767310193767,0.016476943366720793,-0.8168335008110471,1.6424766302122826
2.9584055658671513,1.0032174305582509,0.016758213837426955,-0.8128095746016561,1.670446837043259
2.958578709776624,1.0032581300971246,0.017127134092160896,-0.808785648392309,1.7071512882235833
2.9587518536860964,1.0032988296359988,0.01757818637629945,-0.8047617221829181,1.7520389595866361
2.9589249975955685,1.003339529174873,0.018105233310511497,-0.8007377959735271,1.8044971601388904
2.959098141505041,1.0033802287137472,0.018701851059597336,-0.7967138697641362,1.863884749211334
2.9592712854145136,1.0034209282526205,0.01936160932778567,-0.7926899435548329,1.9295600463010478
2.9594444293239857,1.0034616277914954,0.020078284820852693,-0.7886660173453761,2.00090210375485
2.959617573233458,1.00350232733037,0.020846008006617612,-0.7846420911359412,2.077325327393561
2.9597907171429307,1.0035430268692433,0.021659351355841128,-0.780618164926638,2.158288262279285
2.959963861052403,1.003583726408118,0.022513371035422804,-0.7765942387172032,2.2432977381966337
2.9601370049618754,1.0036244259469917,0.02340361451743453,-0.7725703125078561,2.3319096180178693
2.960310148871348,1.003665125485866,0.024326105164244004,-0.7685463862984652,2.423727251902664
2.96048329278082,1.0037058250247397,0.025277312660210688,-0.7645224600891181,2.518398521756875
2.9606564366902925,1.0037465245636141,0.026254115888018032,-0.7604985338797051,2.615612133694031
2.960829580599765,1.0037872241024886,0.027253762853595882,-0.7564746076702922,2.7150936173713665
2.961002724509237,1.0038279236413623,0.028273830677458308,-0.7524506814609452,2.816601332915272
2.9611758684187097,1.0038686231802367,0.029312187491799226,-0.7484267552515322,2.919922668659448
2.9613490123281823,1.0049620830895563,0.026523438849796105,-0.6403173734320171,2.63924771850646
2.961522156237655,1.004880854202061,0.025450647081694634,-0.6483483992960156,2.532702954312336
2.961695300147127,1.0047996253145663,0.024384476613486885,-0.6563794251599702,2.426799930966633
2.9618684440565994,1.0047183964270716,0.023325835396159997,-0.6644104510239247,2.321629172821971
2.962041587966072,1.004637167539576,0.02227579692227192,-0.6724414768879671,2.217297711254984
2.962214731875544,1.0045559386520821,0.021235637369630436,-0.6804725027518339,2.1139327888623614
2.9623878757850166,1.0044747097645867,0.02020688236331761,-0.6885035286158543,2.0116865230039878
2.962561019694489,1.0043934808770922,0.01919136601636148,-0.6965345544797868,1.910741794102697
2.9627341636039612,1.0043122519895973,0.018191305579356568,-0.7045655803437634,1.8113196909943694
2.962907307513434,1.0042310231021023,0.017209395752538534,-0.7125966062077399,1.7136889178526022
2.9630804514229063,1.0041497942146076,0.016248927350195702,-0.7206276320716944,1.618177630848866
2.963253595332379,1.0040685653271129,0.01531393523150959,-0.728658657935649,1.5251881953420685
2.963426739241851,1.0039873364396181,0.01440937954584977,-0.7366896837996036,1.4352152684464043
2.9635998831513235,1.0039061075521227,0.01354136107990074,-0.744720709663624,1.34886728729237
2.963773027060796,1.0038248786646284,0.012717363534735975,-0.7527517355275347,1.2668906504542576
2.963946170970268,1.0037436497771328,0.011946499279351468,-0.7607827613915771,1.1901942574684303
2.9641193148797407,1.003662420889639,0.011239705919946986,-0.7688137872554438,1.1198691597902204
2.964292458789213,1.0035811920021436,0.010609795835958521,-0.7768448131194642,1.0571935704366868
2.9644656026986853,1.0034999631146488,0.010071205517368061,-0.7848758389834188,1.0036079608921158
2.964638746608158,1.0034187342271539,0.009639254527392688,-0.7929068648473953,0.9606412755305956
2.9648118905176304,1.0033375053396592,0.009328767844315857,-0.8009378907113499,0.9297736598770716
2.9649850344271025,1.0032562764521642,0.009152115904036237,-0.8089689165753263,0.912241081252046
2.965158178336575,1.00317504756467,0.009117081546589256,-0.816999942439237,0.9088225996771038
2.9653313222460476,1.0030938186771745,0.009225278354168448,-0.8250309683032574,0.9196825045073294
2.9655044661555197,1.00301258978968,0.009471799188912828,-0.8330619941671901,0.9443350248374203
2.965677610064992,1.0029313609021842,0.009846259869452168,-0.8410930200312544,0.9817481288644709
2.9658507539744647,1.0028501320146899,0.010334762761523097,-0.849124045895165,1.0305391036605769
2.9660238978839373,1.002768903127195,0.010922016463805124,-0.8571550717591415,1.0891857964227014
2.9661970417934094,1.0029708671969535,0.01107315872297908,-0.8371870687758938,1.1040359281746361
2.966370185702882,1.0030057068898999,0.010950993902372976,-0.8337425001775275,1.091817706235152
2.9665433296123545,1.003040546582847,0.010845345336089197,-0.8302979315790955,1.0812469518841548
2.9667164735218265,1.0030753862757933,0.010756699685868192,-0.8268533629807293,1.0723720104234182
2.966889617431299,1.0031102259687381,0.010685480123446762,-0.8234087943825168,1.065234891123498
2.9670627613407716,1.003145065661685,0.01063203684478634,-0.8199642257841067,1.059870322720806
2.967235905250244,1.0031799053546313,0.010596638812987438,-0.8165196571857405,1.0563049315906552
2.9674090491597163,1.0032147450475772,0.01057946716336079,-0.8130750885874182,1.0545565857745702
2.967582193069189,1.0032495847405227,0.010580610637011668,-0.8096305199891398,1.0546339413385557
2.9677553369786613,1.0032844244334698,0.010600063306752413,-0.8061859513907077,1.0565362173082684
2.9679284808881334,1.0033192641264157,0.010637724729751658,-0.8027413827923854,1.0602532125219248
2.968101624797606,1.003354103819362,0.01069340251783697,-0.7992968141940192,1.0657655634368288
2.9682747687070785,1.0033889435123082,0.010766817173830583,-0.795852245595675,1.0730452277201628
2.9684479126165506,1.0034237832052546,0.010857608915622182,-0.7924076769973087,1.0820561658344918
2.968621056526023,1.0034586228982003,0.010965346111190795,-0.7889631083990084,1.092755183020956
2.9687942004354957,1.003493462591147,0.0110895348854456,-0.7855185398006203,1.1050928878810051
2.968967344344968,1.0035283022840924,0.011229629436295477,-0.7820739712023419,1.119014721431986
2.9691404882544403,1.003563141977039,0.011385042610426162,-0.7786294026039537,1.1344620118269195
2.969313632163913,1.003597981669985,0.011555156332548003,-0.7751848340056314,1.1513730142541985
2.969486776073385,1.003632821362931,0.011739331546630625,-0.7717402654072872,1.1696839019960148
2.9696599199828575,1.0036676610558777,0.011936917404318395,-0.7682956968088991,1.1893296822735653
2.96983306389233,1.003702500748823,0.012147259515504764,-0.7648511282106426,1.2102450184633566
2.970006207801802,1.0037373404417698,0.01236970715175616,-0.7614065596122326,1.2323649478171195
2.9701793517112747,1.0037721801347166,0.01260361935981513,-0.7579619910138224,1.2556254904497945
2.970352495620747,1.0038070198276616,0.012848369996918095,-0.754517422415588,1.2799641507910517
2.9705256395302198,1.0038418595206082,0.013103351741138714,-0.7510728538171998,1.3053203168272254
2.970698783439692,1.0038766992135546,0.013367979158795142,-0.7476282852188336,1.3316355653306555
2.9708719273491644,1.0025175242723336,0.014487203175941005,-0.882008669380714,1.4450822878588965
2.971045071258637,1.0025361487179953,0.01420346179730097,-0.8801672874607585,1.416753083214387
2.971218215168109,1.002554773163658,0.013929334030134754,-0.8783259055407151,1.389383842458742
2.9713913590775816,1.0025733976093203,0.013665398433562103,-0.8764845236206937,1.3630322195011197
2.971564502987054,1.0025920220549824,0.013412256726673667,-0.8746431417006942,1.3377581739761872
2.9717376468965266,1.0026106465006452,0.013170531309923447,-0.8728017597806289,1.3136237238146036
2.9719107908059987,1.0026292709463078,0.012940861941865753,-0.8709603778605856,1.2906926135970305
2.9720839347154713,1.0026478953919702,0.01272390148266007,-0.8691189959405642,1.269029889868352
2.972257078624944,1.0026665198376328,0.01252031063559201,-0.8672776140205208,1.2487013765673047
2.972430222534416,1.0026851442832942,0.012330751648309154,-0.8654362321005873,1.229773046764646
2.9726033664438885,1.002703768728957,0.012155880977621361,-0.863594850180522,1.2123102911072474
2.972776510353361,1.0027223931746199,0.011996340975530175,-0.8617534682604566,1.196377088732381
2.972949654262833,1.0027410176202816,0.011852750718274225,-0.8599120863405011,1.1820350928102386
2.9731227981723056,1.0027596420659441,0.01172569617153609,-0.8580707044204577,1.1693426499872017
2.973295942081778,1.002778266511607,0.011615719958490391,-0.8562293225003925,1.1583537803325479
2.9734690859912503,1.0027968909572689,0.011523311066279629,-0.854387940580415,1.1491171512587648
2.973642229900723,1.002815515402931,0.011448894882724577,-0.8525465586604156,1.141675084486942
2.9738153738101953,1.002834139848594,0.01139282399014314,-0.8507051767403283,1.136062638619703
2.9739885177196674,1.0028527642942557,0.011355370149596922,-0.8488637948203728,1.1323068105204968
2.97416166162914,1.0028713887399185,0.011336717881626917,-0.8470224129003074,1.1304258959736806
2.9743348055386125,1.002890013185581,0.01133695998714434,-0.8451810309802861,1.1304290438722797
2.9745079494480846,1.0029086376312433,0.011356095257697181,-0.8433396490602647,1.1323160287580125
2.974681093357557,1.0029272620769056,0.0113940285054472,-0.8414982671402433,1.1360772546806583
2.9748542372670297,1.002945886522568,0.011450572911136986,-0.8396568852202219,1.1416939901751448
2.9750273811765022,1.0029645109682308,0.01152545455645263,-0.8378155033001566,1.1491388210063698
2.9752005250859743,1.0029831354138927,0.011618318888794058,-0.8359741213801791,1.1583762955295978
2.975373668995447,1.0030017598595555,0.01172873877276827,-0.8341327394601138,1.169363728176367
2.9755468129049194,1.0030203843052174,0.01185622372120384,-0.8322913575401363,1.1820521204478345
2.9757199568143915,1.0040472070391366,0.00994977676803204,-0.7307703323465288,0.99096702807164
2.975893100723864,1.0040174948261897,0.009720644531706478,-0.7337079516838283,0.9681748158570948
2.9760662446333366,1.0039877826132417,0.009504936887180593,-0.7366455710212376,0.9467183816162138
2.9762393885428087,1.0039580704002957,0.009303587645965042,-0.7395831903584494,0.926690856945404
2.976412532452281,1.0039283581873482,0.00911754811790847,-0.7425208096958148,0.9081871274530726
2.9765856763617538,1.0038986459744015,0.008947773299428499,-0.7454584290330925,0.8913024572060892
2.9767588202712263,1.0038689337614544,0.008795205119434176,-0.748396048370414,0.8761308198351069
2.9769319641806984,1.0038392215485077,0.008660752964220175,-0.7513336677076916,0.8627629582813297
2.977105108090171,1.0038095093355601,0.008545271994555572,-0.754271287045057,0.8512842242560388
2.9772782519996435,1.003779797122613,0.008449540091270599,-0.7572089063823785,0.8417722806826402
2.9774513959091156,1.0037500849096668,0.00837423457913688,-0.7601465257196122,0.8342947816428354
2.977624539818588,1.00372037269672,0.008319910129213954,-0.7630841450568898,0.8289071693205396
2.9777976837280606,1.0036906604837725,0.00828697936942939,-0.7660217643942552,0.8256507403820136
2.9779708276375327,1.0036609482708252,0.008275697693842265,-0.7689593837315987,0.8245511303493671
2.9781439715470053,1.0036312360578783,0.008286153529216632,-0.7718970030688983,0.825617341461339
2.978317115456478,1.0036015238449314,0.008318264905555643,-0.7748346224061978,0.8288413984952175
2.97849025936595,1.0035718116319843,0.008371782636189947,-0.7777722417435193,0.834198663130639
2.9786634032754224,1.0035420994190374,0.008446299823922455,-0.7807098610808189,0.8416487787420298
2.978836547184895,1.0035123872060914,0.008541266865222037,-0.7836474804180307,0.8511371632394127
2.979009691094367,1.0034826749931438,0.008656010706419444,-0.786585099755396,0.8625969258989534
2.9791828350038396,1.0034529627801971,0.00878975686670154,-0.7895227190926737,0.8759510602617957
2.979355978913312,1.0034232505672491,0.008941652696295698,-0.792460338430083,0.8911147605201352
2.9795291228227847,1.0033935383543022,0.009110790462192823,-0.7953979577673825,0.9079977211270187
2.979702266732257,1.0033638261413562,0.009296229100562884,-0.7983355771045944,0.926506303930994
2.9798754106417293,1.0033341139284089,0.009497013787169916,-0.8012731964419378,0.946545488220842
2.980048554551202,1.0033044017154613,0.009712192800629786,-0.8042108157793032,0.9680205512926853
2.980221698460674,1.0032746895025142,0.009940831447060603,-0.8071484351166247,0.9908384564141535
2.9803948423701465,1.003244977289568,0.010182023053426562,-0.8100860544538584,1.01490894885265
2.980567986279619,1.0033679361507917,0.015252411300711557,-0.7979292242282316,1.5201214580589648
2.980741130189091,1.0033555162650436,0.014735975077384673,-0.7991571669804525,1.4686693638002644
2.9809142740985637,1.003343096379297,0.014245651965181473,-0.8003851097325198,1.419818606076913
2.9810874180080362,1.0033306764935497,0.013784228878738387,-0.8016130524846747,1.3738470478059788
2.9812605619175088,1.0033182566078027,0.013354701759545276,-0.802840995236786,1.3310533992172366
2.981433705826981,1.0033058367220558,0.012960242275049204,-0.8040689379888971,1.2917539000263547
2.9816068497364534,1.0032934168363083,0.012604143287272825,-0.8052968807410521,1.256276885282229
2.981779993645926,1.0032809969505623,0.012289739770264733,-0.8065248234930754,1.2249549037227827
2.981953137555398,1.003268577064815,0.012020303934266943,-0.8077527662452085,1.1981142646203284
2.9821262814648706,1.003256157179068,0.01179891677909678,-0.8089807089973416,1.176062234422034
2.982299425374343,1.003243737293321,0.011628322969566127,-0.8102086517494528,1.159072570035523
2.982472569283815,1.0032313174075744,0.01151078105280531,-0.81143659450152,1.1473705867306891
2.9826457131932878,1.0032188975218272,0.011447925281171492,-0.8126645372536531,1.1411193817670702
2.9828188571027603,1.0032064776360805,0.011440657038716745,-0.8138924800057422,1.1404090078918845
2.9829920010122324,1.003194057750333,0.011489081823556546,-0.8151204227578973,1.1452501871194154
2.983165144921705,1.003181637864586,0.011592501725503737,-0.8163483655100304,1.1555735559693872
2.9833382888311775,1.0031692179788385,0.011749464617582635,-0.8175763082621854,1.1712345641202166
2.9835114327406496,1.003156798093092,0.011957862216149702,-0.8188042510142527,1.1920232449085215
2.983684576650122,1.003144378207345,0.01221506226744735,-0.8200321937663638,1.2176773885007564
2.9838577205595946,1.003131958321598,0.012518056999846296,-0.821260136518475,1.2478973375338405
2.984030864469067,1.0031195384358516,0.012863610820519076,-0.8224880792705421,1.282360708533013
2.9842040083785393,1.0031071185501041,0.013248393980732619,-0.8237160220226972,1.3207357156314385
2.984377152288012,1.0030946986643572,0.013669093979933815,-0.8249439647748084,1.3626922760268314
2.9845502961974844,1.00308227877861,0.014122501365990496,-0.8261719075269415,1.4079105637462337
2.9847234401069564,1.0030698588928633,0.014605570405468456,-0.8273998502790306,1.456087058740787
2.984896584016429,1.003057439007116,0.015115457530038992,-0.8286277930311637,1.5069383808170687
2.9850697279259015,1.0030450191213693,0.015649541630741726,-0.8298557357832529,1.5602033141493639
2.9852428718353736,1.0030325992356226,0.01620543049717493,-0.831083678535342,1.6156434506240915
2.985416015744846,1.0018552509857397,0.009818242163491217,-0.9474870239129876,0.9800060591418678
2.9855891596543187,1.0019131452160348,0.009582490004707886,-0.9417630742786411,0.9564192315933422
2.9857623035637912,1.0019710394463304,0.009357863599975931,-0.9360391246442509,0.9339455165437619
2.9859354474732633,1.0020289336766255,0.00914518280720785,-0.9303151750099045,0.9126665408405442
2.986108591382736,1.0020868279069213,0.008945299712966183,-0.9245912253754921,0.8926671286210206
2.9862817352922084,1.0021447221372162,0.00875909049436035,-0.9188672757411677,0.8740344883202441
2.9864548792016805,1.002202616367512,0.00858744470596812,-0.9131433261067554,0.8568571430289569
2.986628023111153,1.0022605105978069,0.008431251853893105,-0.907419376472431,0.8412235905477522
2.9868011670206256,1.002318404828102,0.008291385289898772,-0.9016954268380846,0.8272206965331289
2.9869743109300977,1.0023762990583975,0.008168683687313784,-0.8959714772036943,0.814931846950811
2.9871474548395702,1.0024341932886933,0.008063930635693451,-0.8902475275692819,0.8044349135017087
2.9873205987490428,1.0024920875189884,0.007977833187477813,-0.8845235779349355,0.7958001152130493
2.987493742658515,1.0025499817492838,0.007911000467275265,-0.8787996283005672,0.7890878870170521
2.9876668865679874,1.0026078759795793,0.007863923662860135,-0.8730756786661769,0.7843468868800612
2.98784003047746,1.002665770209874,0.00783695880513682,-0.8673517290318744,0.7816122817772485
2.988013174386932,1.0027236644401694,0.007830313672362641,-0.861627779397506,0.7809044455667039
2.9881863182964046,1.0027815586704651,0.007844039906695044,-0.8559038297630938,0.7822281771012064
2.988359462205877,1.00283945290076,0.0078780310271106,-0.8501798801287693,0.7855725065784985
2.9885326061153497,1.0028973471310554,0.00793202651448344,-0.8444559304944009,0.7909111074203399
2.9887057500248218,1.0029552413613507,0.008005621608899198,-0.8387319808600326,0.7982032775493402
2.9888788939342943,1.003013135591646,0.008098281979490451,-0.8330080312256642,0.8073954061143505
2.989052037843767,1.003071029821941,0.008209362073259036,-0.8272840815913398,0.8184228064802461
2.989225181753239,1.0031289240522365,0.008338125762810235,-0.8215601319569494,0.8312117777570971
2.9893983256627115,1.0031868182825319,0.008483767899882626,-0.8158361823225811,0.8456817559073334
2.989571469572184,1.0032447125128272,0.008645435516952044,-0.8101122326882128,0.8617474290293362
2.989744613481656,1.0033026067431223,0.008822247657627983,-0.8043882830538663,0.8793207152392819
2.9899177573911286,1.0033605009734177,0.00901331310580824,-0.7986643334194979,0.8983125304478208
2.990090901300601,1.0034183952037135,0.009217745576343745,-0.7929403837850857,0.918634302540603
2.9902640452100737,1.001554193728457,0.012852317304738401,-0.9772522797762342,1.2832373310617817
2.990437189119546,1.0016603092673528,0.01244092070523202,-0.9667607334344934,1.2420299167421056
2.9906103330290184,1.0017664248062499,0.012183728042555887,-0.9562691870926211,1.216224435243208
2.990783476938491,1.0018725403451458,0.012090584070465137,-0.9457776407508585,1.2067986279272533
2.990956620847963,1.0019786558840422,0.012165257516548048,-0.9352860944090519,1.2141234192074364
2.9911297647574355,1.002084771422939,0.012404718088364712,-0.9247945480672015,1.2378910888696848
2.991302908666908,1.002190886961835,0.012799720480877989,-0.9143030017254389,1.2771739044325816
2.99147605257638,1.0022970025007312,0.013336451216658128,-0.9038114553836543,1.3305887559659142
2.9916491964858527,1.0024031180396278,0.013998617462055257,-0.8933199090418258,1.3965057779780221
2.9918223403953252,1.002509233578524,0.01476935759512057,-0.8828283627000412,1.4732390585970323
2.9919954843047973,1.0026153491174203,0.015632620695999473,-0.8723368163582347,1.5591842584257778
2.99216862821427,1.0027214646563172,0.01657395574407115,-0.8618452700163842,1.6528972728983988
2.9923417721237424,1.0028275801952136,0.01758082652541679,-0.8513537236745776,1.7531255494583078
2.9925149160332145,1.0029336957341093,0.01864261748671562,-0.840862177332837,1.858808569899522
2.992688059942687,1.0030398112730057,0.01975047304051769,-0.8303706309910305,1.969061728013709
2.9928612038521596,1.0031459268119027,0.020897068144152854,-0.819879084649158,2.0831533663866644
2.993034347761632,1.003252042350799,0.02207636749665693,-0.8093875383073735,2.2004806932590992
2.9932074916711042,1.0033581578896953,0.023283402238554372,-0.7988959919655669,2.3205474590972575
2.9933806355805768,1.003464273428592,0.024514075770590515,-0.7884044456237385,2.4429445491698387
2.9935537794900493,1.0035703889674878,0.025765000972232034,-0.7779128992819758,2.5673337172432986
2.9937269233995214,1.0036765045063842,0.027033366650136954,-0.7674213529401693,2.6934342418857526
2.993900067308994,1.0037826200452806,0.02831682932306249,-0.7569298065983627,2.8210121153308196
2.9940732112184665,1.0038887355841772,0.029613426119095034,-0.7464382602565343,2.9498713422521425
2.9942463551279386,1.0039948511230736,0.03092150486699297,-0.7359467139147278,3.079846956625726
2.994419499037411,1.0041009666619696,0.03223966800537761,-0.7254551675729651,3.2107994191615084
2.9945926429468837,1.0042070822008662,0.0335667275152553,-0.7149636212311367,3.3426101160020627
2.994765786856356,1.0043131977397624,0.03490166861625327,-0.704472074889352,3.4751777328825852
2.9949389307658283,1.004419313278659,0.03624362042405256,-0.6939805285475236,3.6084153246461312
2.995112074675301,1.0114384995235859,0.07996918947600092,0.0,7.906480672197914
2.9952852185847734,1.0110575135286592,0.0770058196170512,-0.0376677370997936,7.616363914679361
2.9954583624942455,1.010676527533733,0.07404392189342279,-0.07533547419954328,7.326174089953964
2.995631506403718,1.0102955415388066,0.0710836803270809,-0.11300321129931493,7.0359293300266925
2.9958046503131905,1.0099145555438795,0.06812531081283228,-0.15067094839915243,6.745650950257279
2.9959777942226626,1.0095335695489531,0.06516906829829171,-0.18833868549892407,6.455364166583229
2.996150938132135,1.0091525835540265,0.06221525598603468,-0.22600642259871767,6.165099014752103
2.9963240820416077,1.0087715975591,0.059264237251206414,-0.2636741596984893,5.874891540821197
2.99649722595108,1.008390611564174,0.05631645125135845,-0.30134189679821705,5.584785360506549
2.9966703698605524,1.0080096255692466,0.053372433625834666,-0.33900963389809846,5.294833726978947
2.996843513770025,1.0076286395743206,0.05043284431559125,-0.37667737099782617,5.005102310003509
2.997016657679497,1.0072476535793948,0.04749850550698371,-0.41434510809753194,4.715672986498519
2.9971898015889695,1.0068666675844675,0.044570454227565795,-0.45201284519739143,4.426649094908758
2.997362945498442,1.006485681589541,0.04165001656332391,-0.48968058229716305,4.138162849723417
2.9975360894079146,1.0061046955946142,0.0387389144713403,-0.5273483193969786,3.850386012605314
2.9977092333173867,1.0057237095996885,0.03583942290453426,-0.5650160564966844,3.563545590349018
2.9978823772268592,1.0053427236047612,0.03295460664096531,-0.6026837935965439,3.2779474966311124
2.998055521136332,1.0049617376098343,0.03008868705361696,-0.6403515306963594,2.994013197475442
2.998228665045804,1.0045807516149092,0.027247627481666682,-0.6780192677959993,2.712338200574208
2.9984018089552764,1.0041997656199824,0.02444009908260314,-0.7156870048958148,2.4337885667115327
2.998574952864749,1.003818779625055,0.021679133007901443,-0.7533547419956743,2.159666012225733
2.998748096774221,1.0034377936301295,0.018985054590398363,-0.7910224790953582,1.8920011495397508
2.9989212406836936,1.0030568076352027,0.016390878946696812,-0.8286902161951737,1.6340927873606477
2.999094384593166,1.0026758216402756,0.013952442528431119,-0.8663579532950112,1.3915207913965995
2.9992675285026387,1.002294835645349,0.011766967213012876,-0.9040256903948047,1.1740025783367887
2.9994406724121108,1.0019138496504234,0.010001675224390407,-0.9416934274944886,0.9982570086120758
2.9996138163215833,1.0015328636554965,0.008909917071172477,-0.9793611645943042,0.8896280286452264
2.999786960231056,1.0011518776605692,0.008747620371003684,-1.0170289016941636,0.873755577569768
2.999960104140528,1.0056455784759744,0.056474494794001254,-0.5727408092869859,5.615745348335013
3.0001332480500005,1.0055512412615166,0.0544032822480694,-0.5820678434568503,5.410294375433085
3.000306391959473,1.0054569040470585,0.05234330353822496,-0.5913948776267587,5.20592213624853
3.000479535868945,1.0053625668326003,0.05029593900140613,-0.600721911796667,5.002766231874311
3.0006526797784177,1.005268229618142,0.04826279398850892,-0.6100489459665754,4.800986698529393
3.00082582368789,1.005173892403684,0.046245743976365765,-0.6193759801364838,4.6007705060641575
3.0009989675973623,1.0050795551892255,0.044246990147179095,-0.6287030143064141,4.4023371004545755
3.001172111506835,1.0049852179747685,0.04226912806111941,-0.6380300484762127,4.205945252239585
3.0013452554163074,1.00489088076031,0.04031523267719395,-0.647357082646143,4.011901535686249
3.0015183993257795,1.0047965435458521,0.038388963692601426,-0.6566841168160295,3.820570834880625
3.001691543235252,1.004702206331394,0.03649469591287584,-0.6660111509859378,3.632389347101555
3.0018646871447245,1.004607869116936,0.03463767998814172,-0.6753381851558242,3.447880616203884
3.002037831054197,1.0045135319024774,0.03282423904608878,-0.6846652193257765,3.2676751485788347
3.002210974963669,1.0044191946880197,0.031062005919694706,-0.693992253495641,3.0925340817827367
3.0023841188731417,1.0043248574735617,0.029360202713221303,-0.7033192876655273,2.9233770821005685
3.0025572627826143,1.0042305202591042,0.027729957514824516,-0.7126463218353699,2.7613139568462666
3.0027304066920864,1.0041361830446458,0.026184639256497846,-0.7219733560053002,2.6076780917408318
3.002903550601559,1.0040418458301872,0.024740167158244633,-0.7313003901752525,2.4640573757947655
3.0030766945110314,1.0039475086157297,0.023415212103439786,-0.740627424345095,2.332314379237349
3.0032498384205035,1.0038531714012717,0.022231153669717955,-0.7499544585149814,2.2145822021646495
3.003422982329976,1.0037588341868138,0.021211600079443147,-0.7592814926848678,2.1132167764807304
3.0035961262394486,1.0036644969723556,0.020381253915794286,-0.7686085268547762,2.030683956369501
3.003769270148921,1.0035701597578974,0.019763977161395312,-0.7779355610246845,1.9693667621766673
3.0039424140583932,1.0034758225434397,0.019380139940116156,-0.787262595194549,1.931301133991916
3.004115557967866,1.0033814853289813,0.01924371595526689,-0.7965896293644793,1.917886291170442
3.0042887018773383,1.0032871481145234,0.01935993626646868,-0.8059166635343658,1.92965057938316
3.0044618457868104,1.0031928109000652,0.01972433546466511,-0.8152436977042741,1.9661559822152659
3.004634989696283,1.003098473685607,0.02032356847627437,-0.8245707318741825,2.026079094867033
3.0048081336057555,1.0030226017858035,0.013275672970996277,-0.8320721172613565,1.3235666820827345
3.0049812775152276,1.0029913881454733,0.013017555329435134,-0.8351581813517496,1.2978730907654688
3.0051544214247,1.0029601745051413,0.012773639877695708,-0.8382442454423182,1.273593927495496
3.0053275653341727,1.0029289608648109,0.012544755069084378,-0.8413303095327332,1.2508119277228988
3.0055007092436448,1.0028977472244796,0.012331737866566045,-0.8444163736232361,1.2296106857049127
3.0056738531531173,1.0028665335841493,0.012135423887288508,-0.8475024377136291,1.2100736719090286
3.00584699706259,1.0028353199438171,0.01195663590173898,-0.8505885018042197,1.1922830861610298
3.006020140972062,1.0028041063034867,0.011796170831988265,-0.8536745658946348,1.176318560907278
3.0061932848815345,1.0027728926631558,0.011654785521675001,-0.8567606299850936,1.162255741748495
3.006366428791007,1.0027416790228243,0.011533181688638514,-0.8598466940756184,1.1501647861967446
3.006539572700479,1.0027104653824936,0.011431990606108847,-0.8629327581660554,1.1401088350811222
3.0067127166099517,1.0026792517421628,0.011351758173132293,-0.8660188222565143,1.1321425224874782
3.006885860519424,1.0026480381018317,0.011292931110765637,-0.8691048863469951,1.1263105976993588
3.0070590044288967,1.0026168244615015,0.011255845040325844,-0.8721909504373883,1.1226467345958693
3.007232148338369,1.0025856108211701,0.011240715151593559,-0.8752770145278911,1.1211725991545822
3.0074052922478414,1.0025543971808395,0.011247630048806204,-0.878363078618328,1.1218972337495388
3.007578436157314,1.0025231835405086,0.011276549177760827,-0.8814491427087869,1.124816798543909
3.007751580066786,1.0024919699001773,0.011327304006259059,-0.8845352067992898,1.1299146872355466
3.0079247239762585,1.0024607562598467,0.011399602878612749,-0.8876212708897266,1.1371620093283603
3.008097867885731,1.002429542619516,0.011493039222853416,-0.8907073349801636,1.1465184069515932
3.0082710117952036,1.0023983289791847,0.011607102584802352,-0.8937933990706665,1.1579331538414186
3.0084441557046757,1.0023671153388536,0.011741191817626614,-0.8968794631611473,1.1713464695674363
3.0086172996141483,1.0023359016985232,0.011894629680263013,-0.8999655272515623,1.186690974563197
3.008790443523621,1.0023046880581914,0.012066678093451931,-0.903051591342109,1.203893211038375
3.008963587433093,1.0022734744178607,0.012256553358896884,-0.906137655432546,1.2228751604960633
3.0091367313425654,1.0022422607775296,0.012463440749492048,-0.9092237195230268,1.2435556987811542
3.009309875252038,1.002211047137199,0.012686508008148599,-0.9123097836134638,1.2658519425012746
3.00948301916151,1.0021798334968681,0.01292491743159813,-0.9153958477039228,1.2896804545048273
3.0096561630709826,1.0075354136235333,0.05533158709095627,-0.38589453554428393,5.4917759061152935
3.009829306980455,1.0073781471051062,0.05324581303793438,-0.4014433324806419,5.285583491258611
3.0100024508899272,1.00722088058668,0.051165309733163446,-0.41699212941691205,5.079849983189485
3.0101755947994,1.0070636140682525,0.04909074731619614,-0.4325409263533139,4.874642140816049
3.0103487387088723,1.0069063475498259,0.04702291209599252,-0.448089723289628,4.670038302014541
3.0105218826183444,1.0067490810314,0.04496273223310043,-0.4636385202258762,4.466130943674342
3.010695026527817,1.0065918145129724,0.04291131034699118,-0.4791873171622781,4.263029932123312
3.0108681704372895,1.0064345479945456,0.04086996524929827,-0.49473611409861407,4.06086668335632
3.0110413143467616,1.0062772814761192,0.038840285802437924,-0.5102849110349061,3.859799532139162
3.011214458256234,1.006120014957692,0.036824201021931194,-0.5258337079712642,3.660020720637356
3.0113876021657067,1.0059627484392646,0.03482407211319333,-0.541382504907666,3.4617655740455926
3.011560746075179,1.0058054819208382,0.03284281434559062,-0.5569313018439581,3.2653246513300975
3.0117338899846513,1.0056482154024113,0.03088405976690949,-0.5724800987802942,3.0710599684752777
3.011907033894124,1.0054909488839834,0.028952376054230206,-0.5880288957167399,2.8794268199395616
3.0120801778035964,1.0053336823655572,0.027053562586798828,-0.6035776926530101,2.691003301823292
3.0122533217130685,1.0051764158471304,0.025195052213542027,-0.619126489589346,2.506530377785321
3.012426465622541,1.005019149328704,0.023386455511703118,-0.6346752865256382,2.326966160527782
3.0125996095320136,1.0048618828102769,0.021640290772339033,-0.6502240834619961,2.153558727077802
3.012772753441486,1.0047046162918498,0.019972939342386427,-0.6657728803983541,1.9879414325876474
3.012945897350958,1.0045473497734236,0.018405832368866355,-0.6813216773346242,1.832251349129317
3.0131190412604307,1.0043900832549966,0.016966769355406343,-0.6968704742709823,1.689260939377354
3.0132921851699033,1.0042328167365695,0.015691019644403482,-0.7124192712073402,1.5624882380755292
3.0134653290793754,1.004075550218143,0.014621394275354867,-0.7279680681436322,1.4562045925904934
3.013638472988848,1.0039182836997158,0.013805885758703135,-0.7435168650800122,1.3752001515327161
3.0138116168983204,1.0037610171812894,0.01329135172065268,-0.7590656620163043,1.3241550023507365
3.0139847608077925,1.0036037506628621,0.01311326875704851,-0.7746144589526842,1.3066181496818274
3.014157904717265,1.003446484144435,0.013285173780564602,-0.7901632558890422,1.323954390242534
3.0143310486267376,1.0033356112667633,0.011838911242443385,-0.8011251559673936,1.179955252210788
3.0145041925362097,1.003366008446753,0.011591221120110334,-0.7981198145646214,1.1552335860025758
3.0146773364456823,1.0033964056267428,0.011351904579575092,-0.7951144731618491,1.131347941443387
3.014850480355155,1.0034268028067328,0.011121502191337538,-0.792109131759055,1.1083521149952398
3.015023624264627,1.0034571999867226,0.010900579217626338,-0.7891037903562828,1.086302357267512
3.0151967681740994,1.0034875971667123,0.010689723403681574,-0.7860984489535104,1.065257152541135
3.015369912083572,1.0035179943467023,0.010489541862938994,-0.7830931075507163,1.0452769080406739
3.015543055993044,1.0035483915266918,0.010300656941241812,-0.780087766147966,1.0264235415266312
3.0157161999025166,1.0035787887066818,0.010123700964943978,-0.7770824247451718,1.0087599577498498
3.015889343811989,1.003609185886672,0.009959309811112614,-0.7740770833423557,0.9923494076345794
3.0160624877214617,1.0036395830666611,0.009808115286817451,-0.7710717419396492,0.9772547289185587
3.0162356316309338,1.0036699802466509,0.009670736369323087,-0.768066400536877,0.9635374734378838
3.0164087755404063,1.003700377426641,0.009547769438463053,-0.7650610591340609,0.9512569341602031
3.016581919449879,1.0037307746066306,0.009439777722743861,-0.7620557177313105,0.9404690940599463
3.016755063359351,1.0037611717866206,0.00934728027499119,-0.7590503763285164,0.9312255283150397
3.0169282072688235,1.00379156896661,0.009270740882115318,-0.756045034925788,0.9235723001399008
3.017101351178296,1.0038219661466001,0.009210557385254756,-0.753039693522972,0.9175488977006137
3.0172744950877686,1.00385236332659,0.009167051929081634,-0.7500343521201996,0.9131872637828573
3.0174476389972407,1.0038827605065797,0.00914046266189793,-0.7470290107174274,0.9105109701540713
3.017620782906713,1.0039131576865687,0.009130937364601792,-0.7440236693147211,0.9095345842107747
3.0177939268161857,1.0039435548665598,0.009138529395842289,-0.7410183279118171,0.9102632664499695
3.017967070725658,1.003973952046548,0.009163196208786896,-0.7380129865091986,0.9126926241570513
3.0181402146351304,1.0040043492265391,0.009204800534636362,-0.7350076451062946,0.9168088307314126
3.018313358544603,1.0040347464065282,0.0092631141569031,-0.7320023037035882,0.9225890030256497
3.018486502454075,1.004065143586519,0.009337824038010853,-0.7289969623007061,0.9300018128959403
3.0186596463635476,1.0040955407665082,0.00942854042392315,-0.7259916208979997,0.9390082956374425
3.01883279027302,1.0041259379464975,0.009534806456657325,-0.7229862794952714,0.9495628084417996
3.019005934182492,1.0041563351264877,0.009656108775585046,-0.7199809380924553,0.9616140871499578
3.0191790780919647,1.004430841807371,0.011632393250150393,-0.6928407134507537,1.1581079319726069
3.0193522220014373,1.004401285065439,0.011344464475430572,-0.6957629615109264,1.129475304752468
3.0195253659109094,1.0043717283235067,0.011070818894502333,-0.6986852095710991,1.1022630946593548
3.019698509820382,1.0043421715815746,0.010812541006063476,-0.701607457631272,1.0765794080952082
3.0198716537298544,1.0043126148396417,0.010570757317861636,-0.7045297056915106,1.052536547054073
3.0200447976393265,1.0042830580977098,0.010346624221979114,-0.7074519537516614,1.0302498024389115
3.020217941548799,1.0042535013557783,0.010141312072948879,-0.7103742018117682,1.0098358690567415
3.0203910854582716,1.004223944613846,0.00995598531454418,-0.7132964498719631,0.9914108668632227
3.020564229367744,1.004194387871914,0.009791778789284765,-0.7162186979321138,0.9750879817238848
3.0207373732772163,1.0041648311299813,0.00964977074264192,-0.7191409459923305,0.9609747765994836
3.020910517186689,1.0041352743880503,0.009530953476184219,-0.7220631940523935,0.9491702681187715
3.0210836610961613,1.0041057176461181,0.00943620306040598,-0.7249854421125662,0.9397619089877175
3.0212568050056334,1.0040761609041855,0.009366249915608273,-0.7279076901727829,0.932822656318603
3.021429948915106,1.0040466041622538,0.009321652322331682,-0.7308299382329118,0.9284083312157992
3.0216030928245785,1.0040170474203216,0.0093027749520032,-0.7337521862930846,0.9265554779080047
3.021776236734051,1.0039874906783894,0.009309774264137215,-0.7366744343532573,0.9272799064305718
3.021949380643523,1.0039579339364577,0.009342592099794883,-0.7395966824133862,0.9305760514450192
3.0221225245529957,1.0039283771945253,0.009400958072957022,-0.7425189304735809,0.9364172072940073
3.022295668462468,1.0038988204525932,0.009484400533941447,-0.7454411785337537,0.944756616973167
3.0224688123719403,1.0038692637106612,0.009592265089088324,-0.7483634265939044,0.9555293140096619
3.022641956281413,1.0038397069687293,0.009723739036134615,-0.7512856746540553,0.9686545539722827
3.0228151001908854,1.0038101502267978,0.009877879701572629,-0.7542079227141621,0.9840386351284505
3.0229882441003575,1.003780593484865,0.01005364457333809,-0.7571301707744008,1.0015778984563204
3.02316138800983,1.0037510367429323,0.010249921281047743,-0.7600524188346175,1.02116171299884
3.0233345319193026,1.0037214800010008,0.010465555818050339,-0.7629746668947244,1.042675286578494
3.0235076758287747,1.0036919232590689,0.01069937783920882,-0.7658969149548752,1.0660021856574349
3.023680819738247,1.003662366517137,0.010950222324865247,-0.7688191630150261,1.091026493587102
3.0238539636477197,1.0036328097752045,0.011216947313515767,-0.7717414110752208,1.1176345775332073
3.024027107557192,1.0036080062878727,0.010924685274217288,-0.7741937091974977,1.0885410644167055
3.0242002514666644,1.0036395758042815,0.010780585964965792,-0.7710724599644813,1.0741491492428055
3.024373395376137,1.0036711453206903,0.010645204330894088,-0.7679512107314647,1.0606267182756122
3.024546539285609,1.0037027148370985,0.010518876975994806,-0.764829961498514,1.0480072256955115
3.0247196831950816,1.0037342843535075,0.010401933787372688,-0.7617087122654755,1.0363234522842308
3.024892827104554,1.003765853869917,0.010294694569962197,-0.7585874630323932,1.0256071702650624
3.0250659710140266,1.0037974233863252,0.010197465476866523,-0.7554662137994426,1.0158887878457812
3.0252391149234987,1.0038289929027338,0.010110535302649212,-0.752344964566448,1.0071969801761715
3.0254122588329713,1.0038605624191423,0.010034171722244658,-0.7492237153334534,0.9995583149579977
3.025585402742444,1.0038921319355518,0.009968617571560486,-0.7461024661003711,0.9929968822786285
3.025758546651916,1.0039237014519597,0.009914087275977994,-0.7429812168674423,0.9875339392465183
3.0259316905613884,1.0039552709683683,0.009870763538579061,-0.7398599676344478,0.9831875805640409
3.026104834470861,1.0039868404847772,0.009838794399951986,-0.7367387184014312,0.9799724461728307
3.0262779783803335,1.0040184100011864,0.009818290775163632,-0.7336174691683709,0.9778994764799213
3.0264511222898056,1.0040499795175943,0.009809324560740747,-0.7304962199354421,0.9769757244010634
3.026624266199278,1.0040815490340036,0.009811927385656253,-0.7273749707023818,0.977204231578203
3.0267974101087507,1.0041131185504124,0.009826090056374533,-0.7242537214693652,0.9785839737419191
3.026970554018223,1.0041446880668214,0.00985176271850493,-0.7211324722363268,0.9811098774491886
3.0271436979276953,1.0041762575832296,0.009888855728476267,-0.718011223003376,0.9847729075248172
3.027316841837168,1.0042078270996384,0.00993724119998423,-0.7148899737703596,0.98956022168091
3.02748998574664,1.004239396616047,0.009996755163844826,-0.7117687245373651,0.9954553861888479
3.0276631296561125,1.0042709661324556,0.010067200258076078,-0.7086474753043704,1.002438644307904
3.027836273565585,1.0043025356488642,0.010148348848837812,-0.7055262260713759,1.0104872275644632
3.028009417475057,1.0043341051652732,0.010239946473021963,-0.7024049768383375,1.0195756989987788
3.0281825613845297,1.004365674681682,0.01034171548990585,-0.6992837276053209,1.0296763171624215
3.028355705294002,1.004397244198091,0.010453358831931197,-0.6961624783722825,1.0407594099162567
3.0285288492034743,1.0044288137144997,0.010574563752477652,-0.6930412291392879,1.052793747858709
3.028701993112947,1.0044603832309091,0.010705005480263539,-0.6899199799062056,1.0657469083877877
3.0288751370224194,1.0072957101383029,0.03867712701413067,-0.4095938000416605,3.8396993678073197
3.0290482809318915,1.0071625235089126,0.03724004419644198,-0.42276184035781017,3.697520839705116
3.029221424841364,1.0070293368795225,0.03581080289472693,-0.4359298806739379,3.556083381413069
3.0293945687508366,1.006896150250131,0.03439038078741752,-0.4490979209901973,3.415484385244132
3.029567712660309,1.0067629636207405,0.032979917403910076,-0.46226596130636893,3.275837371420628
3.029740856569781,1.0066297769913501,0.031580747105802824,-0.4754340016225186,3.13727527514559
3.0299140004792537,1.006496590361959,0.030194439853703858,-0.48860204193875606,2.9999545098156024
3.0300871443887263,1.006363403732569,0.028822851748634602,-0.5017700822548619,2.8640600047390024
3.0302602882981984,1.006230217103179,0.02746818782328658,-0.5149381225709895,2.729811464255599
3.030433432207671,1.006097030473788,0.026133080113015537,-0.528106162887205,2.5974711505419146
3.0306065761171435,1.0059638438443976,0.0248206846121897,-0.5412742032033547,2.467353549938218
3.030779720026616,1.0058306572150066,0.0235348012009631,-0.5544422435195703,2.3398373306822258
3.030952863936088,1.0056974705856163,0.022280020759564426,-0.5676102838357199,2.2153800134936006
3.0311260078455606,1.0055642839562255,0.02106190297790769,-0.5807783241519134,2.0945357063641055
3.031299151755033,1.0054310973268357,0.019887185914088862,-0.5939463644680192,1.9779760111820106
3.0314722956645053,1.005297910697445,0.018764022613473336,-0.6071144047842127,1.8665136387735486
3.031645439573978,1.0051647240680537,0.017702228679541666,-0.6202824451004503,1.7611271322672437
3.0318185834834503,1.0050315374386636,0.016713504430046943,-0.633450485416578,1.6629830813709126
3.0319917273929224,1.0048983508092733,0.01581156333100052,-0.6466185257327276,1.5734490277814683
3.032164871302395,1.0047651641798823,0.015012055626521066,-0.6597865660489431,1.4940859975747995
3.0323380152118675,1.004631977550492,0.014332134098725392,-0.6729546063650929,1.4266054056601112
3.0325111591213396,1.0044987909211016,0.013789499484771957,-0.6861226466812425,1.372774124708235
3.032684303030812,1.0043656042917106,0.013400839480559494,-0.699290686997458,1.3342591007992464
3.0328574469402847,1.0042324176623203,0.013179782853047316,-0.7124587273136077,1.3124235606462074
3.033030590849757,1.0040992310329298,0.013134794549203898,-0.7256267676297793,1.3081171803798681
3.0332037347592293,1.003966044403539,0.013267665739408196,-0.7387948079459729,1.3215253457392158
3.033376878668702,1.0038328577741482,0.013573174095328525,-0.7519628482621664,1.3521348688889345
3.033550022578174,1.0036996711447583,0.014040054501249307,-0.7651308885782722,1.3988302382560396
3.0337231664876465,1.0110425796510745,0.06783434080989777,-0.03914423592713818,6.709345597819271
3.033896310397119,1.0109590476254264,0.06581526384935639,-0.047402970955257265,6.51018100129233
3.0340694543065916,1.0108755155997782,0.06385555541540772,-0.05566170598339831,6.3168564704547805
3.0342425982160637,1.010791983574131,0.06196084891819493,-0.06392044101142959,6.129930779536179
3.034415742125536,1.0107084515484832,0.060137288593007716,-0.07217917603952673,5.950013428785795
3.0345888860350088,1.0106249195228354,0.05839154047785329,-0.08043791106762387,5.77776575165223
3.034762029944481,1.010541387497188,0.056730788455988376,-0.0886966460956771,5.613900544587664
3.0349351738539534,1.0104578554715407,0.05516270984733886,-0.09695538112373032,5.459179672723373
3.035108317763426,1.0103743234458928,0.05369542434852395,-0.10521411615182745,5.314409036583106
3.0352814616728985,1.0102907914202455,0.05233740988659248,-0.1134728511798807,5.180430261372337
3.0354546055823706,1.0102072593945974,0.05109737948965098,-0.12173158620799977,5.058108523222541
3.035627749491843,1.0101237273689498,0.049984114948491816,-0.12999032123607496,4.948316091800407
3.0358008934013156,1.0100401953433022,0.0490062561624682,-0.13824905626415016,4.85191147722705
3.0359740373107877,1.0099566633176549,0.04817204976271844,-0.14650779129220337,4.769714534530202
3.0361471812202603,1.009873131292007,0.047489066668284126,-0.1547665263203005,4.702478479403425
3.036320325129733,1.0097895992663593,0.046963904938904094,-0.16302526134839765,4.6508604339978055
3.036493469039205,1.0097060672407119,0.04660190039686092,-0.17128399637645086,4.61539272753039
3.0366666129486775,1.0096225352150645,0.04640687140381407,-0.1795427314045041,4.596457565591948
3.03683975685815,1.0095390031894167,0.04638092437397185,-0.18780146643260123,4.594267703124051
3.037012900767622,1.009455471163769,0.04652434220363331,-0.19606020146067643,4.608855321770347
3.0371860446770946,1.0093719391381215,0.046835569053660965,-0.2043189364887516,4.6400704475352
3.037359188586567,1.0092884071124735,0.04731129335668684,-0.2125776715168707,4.6875890997343586
3.0375323324960393,1.0092048750868257,0.04794661895261558,-0.22083640654496783,4.750930176441186
3.037705476405512,1.0091213430611787,0.04873530443420927,-0.22909514157297717,4.829479107673046
3.0378786203149843,1.009037811035531,0.04967004496681647,-0.2373538766010743,4.922515729697215
3.0380517642244564,1.0089542790098838,0.050742769683163345,-0.24561261162910558,5.029243716866804
3.038224908133929,1.0088707469842362,0.05194493067311363,-0.25387134665718075,5.148819194965248
3.0383980520434015,1.008787214958588,0.05326776520141774,-0.2621300816853218,5.28037671488575
3.038571195952874,1.00251061876571,0.013860558989209062,-0.8826914105090066,1.382584755688091
3.038744339862346,1.0025792412831886,0.013516258617293624,-0.8759067649264075,1.3481486610469147
3.0389174837718187,1.0026478638006677,0.013180486060156727,-0.8691221193437645,1.3145678094993762
3.0390906276812912,1.0027164863181457,0.012853909631339174,-0.8623374737612313,1.2819086757551164
3.0392637715907633,1.0027851088356237,0.012537247987318785,-0.8555528281786979,1.2502427366393898
3.039436915500236,1.0028537313531032,0.01223127121915907,-0.8487681825960111,1.2196465782358903
3.0396100594097084,1.0029223538705818,0.011936801013418773,-0.841983537013412,1.1902019101828807
3.039783203319181,1.0029909763880605,0.011654709584005446,-0.8351988914308128,1.1619954574243547
3.039956347228653,1.003059598905539,0.011385917038047628,-0.8284142458482138,1.1351186958851756
3.0401294911381256,1.0031282214230175,0.011131386812221922,-0.8216296002656366,1.1096673959019079
3.040302635047598,1.003196843940496,0.010892118810660281,-0.8148449546830594,1.0857409367314896
3.04047577895707,1.003265466457975,0.010669139902729228,-0.8080603091004164,1.0634413581877373
3.0406489228665428,1.0033340889754534,0.01046349151090076,-0.8012756635178393,1.0428721226431636
3.0408220667760153,1.0034027114929323,0.010276214146737206,-0.7944910179352181,1.0241365733851306
3.0409952106854874,1.0034713340104104,0.010108328943833707,-0.7877063723526629,1.0073360943391771
3.04116835459496,1.0035399565278886,0.00996081648963115,-0.7809217267701077,0.9925680013872309
3.0413414985044325,1.0036085790453684,0.009834593560472936,-0.7741370811873989,0.9799232256292182
3.0415146424139046,1.0036772015628463,0.009730488688422329,-0.7673524356048657,0.9694838811991331
3.041687786323377,1.0037458240803243,0.00964921779148728,-0.7605677900223324,0.9613208403958556
3.0418609302328496,1.0038144465978038,0.009591361327560388,-0.7537831444396454,0.9554914616011039
3.0420340741423217,1.0038830691152822,0.009557344531841198,-0.7469984988570684,0.9520376252847899
3.0422072180517943,1.0039516916327615,0.009547422224927155,-0.7402138532744034,0.9509842260836127
3.042380361961267,1.0040203141502397,0.009561669416894604,-0.7334292076918482,0.9523382427762127
3.042553505870739,1.0040889366677177,0.009599978499514794,-0.7266445621093149,0.9560884647702982
3.0427266497802115,1.0041575591851968,0.00966206326829538,-0.7198599165266719,0.9622058988566957
3.042899793689684,1.0042261817026759,0.00974746942883976,-0.7130752709440289,0.9706448214995576
3.0430729375991565,1.0042948042201538,0.00985559070720853,-0.7062906253614957,0.981344388698845
3.0432460815086286,1.0043634267376325,0.009985689278466657,-0.6995059797788965,0.9942306751354054
3.043419225418101,1.0042995518607658,0.009811736389974094,-0.7058212304735004,0.9769730925195489
3.0435923693275737,1.0043018265293686,0.009500723743089126,-0.7055963360677723,0.9460028342198079
3.043765513237046,1.004304101197971,0.009200624021815988,-0.7053714416620881,0.916119331867822
3.0439386571465183,1.004306375866575,0.008912539662255248,-0.7051465472562503,0.8874323489746824
3.044111801055991,1.004308650535178,0.008637672959997912,-0.7049216528505002,0.8600615911647332
3.0442849449654634,1.0043109252037807,0.00837732506165516,-0.7046967584447722,0.8341366056488283
3.0444580888749355,1.0043131998723835,0.008132890402898139,-0.704471864039044,0.8097962273055429
3.044631232784408,1.0043154745409866,0.007905845148661174,-0.704246969633294,0.7871874275634825
3.0448043766938806,1.00431774920959,0.007697728159386813,-0.7040220752275002,0.7664634191166109
3.0449775206033527,1.0043200238781926,0.007510113195497207,-0.703797180821794,0.7477808882567952
3.0451506645128252,1.0043222985467963,0.00734457158006433,-0.7035722864159781,0.7312962771703421
3.0453238084222978,1.0043245732153991,0.00720262544301357,-0.70334739201025,0.7171611284939468
3.04549695233177,1.0043268478840015,0.007085692975437093,-0.7031224976045659,0.7055166343870837
3.0456700962412424,1.004329122552605,0.0069950287136020094,-0.7028976031987719,0.6964876907903885
3.045843240150715,1.0043313972212078,0.006931663476989131,-0.7026727087930439,0.690176917317104
3.046016384060187,1.0043336718898115,0.006896349795687919,-0.7024478143872279,0.6866592237927613
3.0461895279696596,1.0043359465584134,0.006889519035672469,-0.7022229199815877,0.685977541606569
3.046362671879132,1.0043382212270175,0.006911255650998045,-0.7019980255757279,0.6881402604149072
3.046535815788604,1.0043404958956201,0.006961292042154222,-0.7017731311700217,0.6931207165898945
3.0467089596980768,1.004342770564223,0.0070390247343661795,-0.7015482367642937,0.7008588044509718
3.0468821036075493,1.0043450452328266,0.007143549651120831,-0.7013233423584778,0.7112644887360218
3.0470552475170214,1.0043473199014294,0.0072737118527738875,-0.7010984479527497,0.7242227572716337
3.047228391426494,1.0043495945700318,0.007428163750786137,-0.7008735535470656,0.7395994174683945
3.0474015353359665,1.004351869238635,0.007605425654883063,-0.7006486591412936,0.7572471250188917
3.047574679245439,1.0043541439072383,0.007803943372908612,-0.7004237647355216,0.7770111190609456
3.047747823154911,1.0043564185758413,0.008022139056094469,-0.7001988703297716,0.7987342847342691
3.0479209670643836,1.0043586932444444,0.008258453123632,-0.6999739759240216,0.8222613274699886
3.048094110973856,1.0043609679130474,0.008511376565943288,-0.6997490815182715,0.8474419892709492
3.0482672548833283,1.0086690913729446,0.0554487373063065,-0.2738088526337261,5.49721784681959
3.048440398792801,1.008526346693581,0.05340333368648845,-0.2879218886147403,5.295184787345362
3.0486135427022734,1.0083836020142176,0.05136032568448206,-0.3020349245957325,5.093332099202255
3.048786686611746,1.008240857334854,0.04932001100588587,-0.31614796057674666,4.891689386230244
3.048959830521218,1.008098112655491,0.04728273831373163,-0.3302609965576949,4.690291323845589
3.0491329744306905,1.0079553679761282,0.045248918494119064,-0.34437403253864324,4.489178780303962
3.049306118340163,1.0078126232967641,0.043219039010013074,-0.3584870685197013,4.288400245338725
3.049479262249635,1.0076698786174014,0.04119368236307668,-0.37260010450062764,4.088013667690206
3.0496524061591077,1.0075271339380374,0.039173550080757666,-0.3867131404816857,3.8880888425945686
3.0498255500685802,1.0073843892586745,0.03715949422217957,-0.40082617646263397,3.688710547671373
3.0499986939780523,1.0072416445793115,0.035152559243760914,-0.4149392124435823,3.4899827100023124
3.050171837887525,1.0070988998999477,0.03315403832932964,-0.42905224842461837,3.292034013007401
3.0503449817969974,1.0069561552205841,0.031165550200793726,-0.4431652844056325,3.0950255419975647
3.0505181257064695,1.0068134105412212,0.029189145357701358,-0.45727832038658084,2.89916135920463
3.050691269615942,1.0066706658618578,0.02722745525616604,-0.47139135636757307,2.704703353291351
3.0508644135254146,1.006527921182494,0.025283905124782957,-0.48550439234860915,2.5119924239238984
3.0510375574348867,1.0063851765031315,0.023363022548693307,-0.49961742832951356,2.3214792004262605
3.0512107013443592,1.0062424318237675,0.021470892214373014,-0.5137304643105716,2.1337693119796217
3.0513838452538318,1.0060996871444043,0.019615836152728543,-0.5278435002915418,1.949691109476819
3.051556989163304,1.0059569424650414,0.017809443255737082,-0.5419565362724902,1.770398165561245
3.0517301330727764,1.0058141977856783,0.016068134173162676,-0.5560695722534604,1.5975250904726759
3.051903276982249,1.005671453106315,0.014415513454372439,-0.5701826082344525,1.433421761137382
3.0520764208917215,1.0055287084269515,0.01288574973055988,-0.5842956442154448,1.281489988557198
3.0522495648011936,1.0053859637475873,0.01152785711670325,-0.5984086801965248,1.1466101111788984
3.052422708710666,1.0052432190682246,0.010409315967273155,-0.6125217161774511,1.0355022316809765
3.0525958526201387,1.0051004743888614,0.009614034206769071,-0.6266347521584215,0.9565246909882081
3.0527689965296108,1.0049577297094978,0.009225989061901608,-0.6407477881394356,0.9180474749488772
3.0529421404390833,1.0049177216963918,0.010538057908812785,-0.6447033438281741,1.048648827788965
